GyroscopeStat_x_MEAN,GyroscopeStat_z_MEAN,GyroscopeStat_COV_z_x,GyroscopeStat_COV_z_y,MagneticField_x_MEAN,MagneticField_z_MEAN,MagneticField_COV_z_x,MagneticField_COV_z_y,Pressure_MEAN,LinearAcceleration_COV_z_x,LinearAcceleration_COV_z_y,LinearAcceleration_x_MEAN,LinearAcceleration_z_MEAN,attack
-0.007558757873979592,-0.007167436322653061,0.0007174410308365369,-2.7856980360805627e-05,-0.3682978723404266,1.1259574468085107,9.655929912390482,8.233503106155423,976.979970952381,-0.005743664817681373,7.947597143644544e-05,-0.15368091914387755,-1.0098913572959185,1
0.0220709476932292,-0.012043868870208332,-0.0006878062895758223,-0.0001104197269872157,27.74,-35.44733333333333,7.461258100558661,12.757896536312852,972.8437355000001,-0.002571070236777011,0.0005530153260845271,-0.1906548358941799,-0.9924920747619048,1
-0.008300185831818182,-0.009637146344444444,0.00507616747598252,-0.0017635240455709008,32.84285714285714,-11.02984126984127,5.048402735562314,10.047720668693007,973.8563066666667,-0.4230114247401415,0.4071494486785601,-0.13514771035527634,-1.0907303782261306,1
-0.006910768836363632,-0.008075565410909091,-0.0005653657515707658,0.0009794425999214073,-20.968736842105265,-45.520421052631576,4.286470375939846,1.091510776942356,975.1446842857144,-0.00906588633445593,-0.009879757235932464,-0.12440375981319796,-1.0377660400507611,1
-0.001952538782311564,-0.00928091578643216,-0.0021410726483599997,-0.0004874345430601368,-35.439157894736844,-13.044947368421054,0.0365417543859653,-0.07829854636591478,975.8748113636364,0.0015463110177540095,-0.0008277874394021916,-0.09735710558777227,-1.0868106976237624,1
-0.010737319353538458,0.01580415402964103,0.00016264911495295228,-0.0012839696417878738,16.618105263157894,7.576736842105262,0.3532699749373435,0.4109370426065162,973.7106242857144,-0.0022983246656968315,0.0003571099016107939,-0.22139183370531398,-1.026460314589372,1
-0.01648538145668394,-0.009557022816580309,0.00013550150014048553,-0.00023192133948581715,-21.07336956521739,-26.65304347826087,-0.3924573057733431,-0.25685730577334315,1012.156319047619,-0.0012438423641908097,0.0019951464131074607,-0.17991654561578949,-0.9043507140000001,1
0.014809906845641029,-0.004592928530461536,-0.006909684658260953,-0.0047765972620415435,3.3880851063829787,-18.91882978723404,1.6115990442598709,-0.4538665490954599,974.1858033333333,0.02244448068609401,-0.0631722059899543,-0.2207173482546392,-0.9821515789432992,1
0.192444842939196,-0.4005862796940704,-0.2293913810431748,0.23981542270362485,-35.24336842105263,-9.458842105263155,7.18485894736842,11.571554586466165,975.9285566666664,-0.056212004899473166,0.062409266843357236,-0.10691526737492384,-1.0106422514213198,1
-0.013086774016500002,-0.005103948332500002,0.0003938814499328298,-0.0002814821287279147,-24.33619047619048,-36.11841269841271,0.2267620060790273,0.6083635258358661,970.1721904761904,-0.0034446192202494553,-0.007619955711609242,-0.12375034713869347,-0.8917968211557789,1
-0.005587338457711447,0.011044831698507462,-0.0007865763953522857,-0.0003716602175066145,-26.001497326203214,-3.712620320855615,-0.31545985854752473,0.5714585475245818,973.5072295238097,0.005615123884334695,-0.0015034347871274506,-0.23310989400547266,-0.9226115514427858,1
-0.0041412155922,-0.007098655963900001,0.00017101872054070818,-6.4133256113504e-05,-8.251428571428571,-25.276825396825398,0.13351094224924007,0.20880020263424529,979.0480347619048,-0.0038100135070353405,-0.0005384579662293283,-0.1509275481599034,-0.9490149803864736,1
-0.011939613819695431,-0.0051140804898477145,-0.00022739454392252783,-9.350325601869976e-05,-35.43850267379679,-12.318609625668447,0.0762538209418665,0.030679489391064376,975.922350952381,-0.0017887529498119988,0.0008643155200383697,-0.11838171043514853,-1.080832894653465,1
-0.005978662264141426,-0.01224785108030303,0.0021654105179745573,-0.000439891462964882,-9.688421052631579,-25.569473684210525,19.893595989974934,18.363771428571425,978.9960452380952,-0.0010341728437519991,-0.003713725431119078,-0.1901497935839196,-0.9455804664723618,1
-0.00962325689284974,-0.008822928615129533,-1.5832131519443123e-05,-5.5401454684232716e-05,-30.97728260869565,-0.6384782608695652,0.01778382038488954,-0.0011888809693513724,973.5194628571428,-0.0007527414770661438,0.0023024798321580873,-0.2409603794583333,-0.92615477796875,1
0.05716650236414135,-0.09303175032323233,0.05479838414699555,-0.09230434233181373,-12.11079365079365,4.443492063492063,-45.43701104356637,22.258744782168197,978.0928204761904,-0.014909009308626918,0.30268993089408097,-0.3798862675502539,-0.9370149990456852,1
-0.12934446667563454,0.0091304514502538,-0.030928935250824408,0.006234588996265111,12.924705882352939,-37.071016042780755,7.829234914611008,-7.984286527514232,973.5022359999999,0.12234128261081235,0.2453369244380036,-0.4118578999500001,-1.1425618128636363,1
-0.04708088575581632,-0.03346479371122449,-0.002010593291499262,0.00666207573092395,-1.5092063492063492,-8.236825396825397,1.0324889564336373,0.5663666666666668,973.5935628571428,-0.012797828845452905,-0.060013988406369935,-0.2880207071790244,-0.6825853639790244,1
-0.010924480178756477,-0.009646714746113987,6.209897252168883e-08,2.7503655974998178e-09,-3.719032258064516,-25.81258064516129,0.15773115954664327,0.17405105492589368,991.0502004761903,8.012947497319372e-06,1.7098237221297925e-06,-3.0134372887755103,18.45029201020408,1
-0.0236779235560606,-0.02273236784343434,-0.00391534208716667,-0.019967432777384882,-3.582857142857143,-27.705079365079364,9.190638601823704,4.656167679837896,978.888983,0.005822256742514981,0.01762819312466611,-0.24520395403705586,-1.0020056618274111,1
-0.009263227756262626,-0.006530124915959596,-2.546924079181047e-05,-2.3672763955739082e-05,-22.529368421052627,-42.89968421052632,29.967837894736828,8.761969423558902,975.1662914285713,-0.00024288114151698397,-0.000148675386640037,-0.21271964275252525,-0.9895179474242424,1
-0.008871823654242423,-0.008768256269191919,-2.4044517503162185e-05,-2.239991721367399e-05,42.310158730158726,-18.05873015873016,2.309444478216819,4.870366767983788,972.9617465,-0.006750421724483826,-0.030055914285364325,-0.1947359515075377,-0.9633503341708544,1
-0.004377317634010153,0.0021494547319796955,0.0010885425279922797,0.0026513402174376693,8.422021276595745,-33.10404255319149,13.08928522016156,5.697590032995789,974.3557147619048,0.0056043289030734715,-0.00767111108520427,-0.2344862772676768,-0.9736369626262626,1
-0.009308958686868686,-0.005068076327777778,-3.122372465028113e-08,4.8722945820033426e-08,20.220315789473684,-61.70115789473685,2.82960671679198,4.913948671679195,975.1717023809523,-5.736185322206896e-06,-6.342851593582826e-05,-0.2240860608080808,-0.976024481010101,1
-0.005735211561313138,-0.012406564705252513,0.006605436697320882,-0.008105923201079912,-29.67174603174603,-0.25174603174603355,-2.5217535967578533,6.041849746707193,973.4831485714287,-0.08256500462144531,-0.10666261593735996,-0.31420045475808084,-0.8951089199949495,1
-0.00314333723888889,0.0029308223700000003,0.0011569238387114148,0.0008356306033880933,10.363174603174603,-8.952698412698412,6.851197973657548,10.646851266464033,923.9123690476193,-0.008178483640875731,-0.0009507013998275406,-0.18166349941557788,-0.9753521226633166,1
-0.010081006393939392,-0.009099133840909093,-9.420567707576587e-09,7.080421605626068e-08,-27.06536842105263,-39.183473684210526,0.0028955388471177327,0.0013730325814535252,978.415199047619,-0.001619458655400784,-0.001604030714409012,-0.5840434103940887,-0.908122699359606,1
-0.05475702642335024,-0.040037991574619285,0.0057677040851396326,0.00317701974504338,25.604361702127658,-24.181595744680852,6.886216623051528,2.97542283536238,979.0573857142856,0.000322189606800127,-0.005547431229981264,-0.18545708909090908,-0.9288772815656564,1
0.017414932509648234,-0.02014233053949748,-0.0051698105939718105,0.005329444066941518,29.95396825396825,-23.96031746031746,0.7744385005065855,0.4448774062816614,978.2114252380952,0.002597287913041703,0.0034690288184452854,-0.21253458756059115,-0.9440347822167487,1
0.043861861924120615,0.0009555258492462273,0.0049825340672356964,-0.012283017825258905,-5.2335789473684216,-26.66147368421053,7.760430676691719,5.275736340852127,978.7567914285713,0.003387025133741293,0.014807404809814574,-0.20191339298500002,-1.0165894808,1
0.10331535511744751,0.05715516243008498,-0.08196316115086379,-0.09931390475940191,-3.6001810742852047,0.04141684750120168,-0.05572478185047756,-0.06823736724234024,-0.017532695836596505,-0.12608249957716713,0.15152737124844148,0.033912254784657536,-0.4972309853242079,0
-0.5748468449214376,0.3249405581339999,-0.100036081340534,0.0785369268022209,-0.05290368795752816,0.07458237308764885,-33.152284372941466,125.56850090511362,-0.017298955756852512,0.0521451790533197,0.06323462397691075,-0.042387103660906,-0.2913020236309846,0
0.439434473597793,-0.4845237874715415,-0.07094903741072199,0.46355891902140145,-0.0013756755199750422,-1.155727148143637,-0.02896029813494714,-0.057617677700864754,-0.017246418505138146,-9.199327829623744,-4.284883497839771,5.50352059622936,-0.705861931846338,0
1.814936929183559,0.1647579573233687,0.499958625654316,-0.20332621356860398,0.024142901747337672,0.04571033992281803,-16.549464774136204,5.420169499760471,-0.016474598560255446,-0.09402016822607596,0.18652685439165198,-0.03737514523730862,-0.31988145990428324,0
4.169083767484425,-8.400784085833864,-0.9253524827885001,1.1006144236503825,0.013101823247912163,-0.3682107424564611,-0.08983848280801719,-0.3393094159643153,-0.017773809695308212,0.07249326311877133,-0.10062243223415165,0.008301243292664325,-0.28525224035693464,0
1.8787242147209269,-3.0830778363488704,8.800140056337113,19.293518825738843,-0.002861134421199916,0.040879071547325424,-0.856072035527738,-0.31755219041998234,-0.019446565654995092,-8.111549373084806,-1.0581370054294725,-0.3307092806160786,-0.20650903481105132,0
0.21502038571813684,-0.2426450749967419,0.12164262004867613,0.03229287344953041,0.003937521613312446,0.04914396884566047,-0.2590358174954911,-0.11995287163238635,-0.017164266440238916,-4.4117230557024705,4.90534657811962,0.5487040296326036,-0.388366763568129,0
-0.012216791336259537,-1.8695574154999708,-9.038172051072122,-4.870902774740072,0.004475544339080979,0.05394200534436572,-0.7834814125221936,-0.08640224843637667,-0.017329904261205356,3.812899459901338,-1.9046103026326957,-0.3713373591987081,-0.2741544688769881,0
-0.05614001533905097,0.0047758189716931,-0.0923470020268711,-0.0739799999937775,-0.0008406049079278881,0.03384976357119864,-0.2526072553620841,-0.08251511276173423,-0.017403997220396487,0.07200404858838357,-0.027692193963004416,-0.5426069408607246,2.142699872084651,0
-0.018314775982981563,0.049059507271876454,-0.09196801037376735,-0.07376866314390584,0.006318861157664836,0.035313721198165275,-0.25184262666733703,-0.08139126811152841,-0.017281301519294825,0.1188032090330259,0.08485570426735807,-0.745670225898727,2.101643068248945,0
-0.03925884404956848,0.03330367136738016,-0.09234879391304127,-0.07397476573156651,0.011214947778032027,0.036712079693806444,-0.24094427498632587,-0.08027032393242088,-0.01744844027161964,0.03657493956934894,-0.045473185072844105,1.0249560469476722,2.1175542857645984,0
-0.41497348004356727,-0.2537399720528321,0.3126011003382501,-0.5921452374610098,0.019038029915907067,0.038791102378896596,-98.18673403911033,48.923501204719116,-0.017260851585990104,0.16513510544999224,0.13491357008628835,0.05012100434872976,-0.30148570155650783,0
0.24940087845089456,0.3046204979317249,-0.0533861474350207,-0.10284965504114696,0.0059015215879163535,0.046525017357435666,-0.20488557768691742,-0.0626280323641318,-0.017227720873723394,-0.04893748806034376,0.0730416898710031,-0.032484382886252695,-0.29965302541508687,0
-0.13046652570435094,-0.3946286266879791,-0.09155958163433008,-0.04698031105794102,0.004777104916719487,-14.957819923336482,0.18534309264788446,0.02437711103898663,-0.01731822941894971,0.13590713688208683,0.08067556716191827,-0.32516812462796846,0.06103629986442077,0
-1.9738209986603805,-0.18585014430985217,-0.04291415737430988,-0.12394275402048227,0.006348975734842904,0.04583370432397736,-0.183243975479289,-0.051800177159183114,-0.01747194655848846,0.10336339170807797,-0.006691574896732955,-0.035582971279378234,-0.30398289975560094,0
-9.100976288416032,-9.36876576317106,3.056569349298447,2.286772369302493,0.0031387635966358086,-0.1537919144317143,-0.9284752483210843,-0.43395629680180375,-0.01756181371008332,-0.2290314735845742,0.3004522065507702,-0.19849333703555616,-0.2671221141762441,0
-0.0463584271286908,0.027649601547545512,-0.09236144193847366,-0.0739509906926923,0.003943732622282129,0.03507405685092133,-0.2526895543268133,-0.08217197815955982,-0.01732883260633383,0.0719270121649017,-0.028011798113931674,-0.4200514528386391,2.142988953558378,0
-0.05620159288581224,0.020544885727363266,-0.0923473036271226,-0.07397787837104577,0.016616053421736242,0.03410433138006111,-0.25001379860303674,-0.08028985072785898,-0.01736656304964229,0.0866757864793688,-0.039251270818100786,-1.6325859342070153,2.118632638560622,0
-0.013690571011741568,-0.02348303862781803,-0.07743141465780548,-0.10965227495590892,-0.01134926363031944,0.014176141027956448,1.497636789444668,0.34883434511917316,-0.018034235376756042,0.057680211442603005,-0.01861300691250637,0.003075906813797048,-0.30369121970877455,0
-0.0006967051093706955,0.07629131428206631,-0.09105395886700676,-0.07483398395763531,-0.017670459056103687,0.0273156366649758,0.39782815960069295,0.27290184898292086,-0.019463051080452157,0.07105028498729253,-0.04931626665621569,0.16593640944155366,-0.29957209651835626,0
0.5981883586246368,-0.13064838135136425,0.30369678845153447,-0.5508398592184679,15.124945029910148,0.04469473464192948,-0.21655376159132367,-0.03827912717066292,-0.017086511248460508,-0.4587153758780975,0.4211686921317026,-0.12703826877271163,0.25721694653577815,0
1.4972090369770317,-0.6664275057716748,3.393906692471486,0.5062950620277182,0.00900655948180223,0.050066746962327206,-0.03675014911049821,0.13645304468772962,-0.017366777115870195,-24.922144843527978,-0.1135741579004512,2.6541372116457516,-0.5823120188456634,0
5.286519569232273,-3.6954763735269,2.1787953427049818,4.390493044570481,-0.0009409171188106578,0.04475886395788756,1.663715681879479,0.06246154954361343,-0.01696607303241004,-0.36928125673625595,-0.34368060175305876,-0.2562596532812555,-0.21820301476931916,0
-0.06493758031749736,-0.04595937665997514,-0.09211000060732097,-0.07403370539090565,0.010316264881735543,0.0536181732942688,-0.22878842060144294,-0.07942914849831934,-0.017215537679814492,0.0720851611564729,-0.026221630224403793,-0.0318001753580696,-0.3090124846801914,0
-0.01978404232730387,0.046486030743091086,-0.09225837648703922,-0.07425286046920332,0.006344765821586242,0.03519734635124433,0.37659181700612027,-0.028819248589242792,-0.01814056844840563,0.07023807835752731,-0.028876680327649836,-0.036710804708275,-0.3052118003037077,0
-1.7271019130091645,-3.523468032603628,0.5116361913559682,0.3221077228578452,0.008678961912086303,0.04858516213838125,-1.8490770848287794,-0.06494460262106747,-0.017087404641646584,-0.18857669757767115,0.4058587739623839,-0.09184244419622425,-0.2882464723728193,0
-0.01131486355649765,0.05286752698982591,-0.09277413381377925,-0.07148163390170305,0.007034195996384604,0.03486674437473309,0.3177659041961465,0.12829901433059365,-0.016815241641732977,0.0694991818964989,-0.029649598493591577,-0.025607572299359564,-0.30516670809314583,0
-0.04366415561030215,0.019430586025920838,-0.09234553199177505,-0.0739775584303222,0.0010347674855983563,0.03521813506991223,-0.25111677900320384,-0.08085716932719013,-0.017339674705222522,0.08344623280772366,-0.03671310390653341,-2.3242259367019593,2.0962634042251618,0
-0.7049731465975061,-1.6072155097369962,-0.014549955818694983,0.05405474826127168,0.00747994916152998,0.04098283669070536,-0.053014011610676835,-0.023425893615021467,-0.01752421477570372,-0.017139055703329582,-0.006497838985903564,-0.024158711673248668,-0.2989217788075147,0
-0.818465324108538,0.8065985671658472,-5.194773589770742,11.517648709842343,-0.3443160168837318,0.04904617408507648,0.40301934847053894,-0.12707957993947355,-0.017273933084946905,3.452306284293286,-1.2184155384116087,-1.1932025750860882,-0.24015368222628142,0
-0.024792217533299424,0.032663150023675015,-0.04725157596933056,-0.057330413349799755,0.002065348925582385,0.031493883690782334,0.6479669202934903,-0.1269577455273655,-0.017324441337745067,0.03493609307477038,-0.005717034661738003,-0.04228355821281867,-0.30517934955762344,0
-0.5183639807943063,-1.830495337955584,-2.1065164367222753,-1.0502496306074325,0.006627649913528643,0.04406978578331334,-1.0255330302478902,-0.6004199427757904,-0.01881334215798327,6.730975631303766,13.352175783842865,-0.08707626047027564,-0.02832313184505401,0
1.3029162574674438,-0.4682650507202988,0.6454622027931393,0.42629866381478954,0.00665640088824948,0.049887553018530796,-4.020970314178479,-0.14922318647009808,-0.017630103898601118,-0.5382616438241054,0.2588457941462928,-0.11423566978288212,-0.2915035495543719,0
-0.021828855907675648,0.013343242045937632,-0.10246119630374584,-0.138212412374008,0.006929695247535441,0.04269302637586194,-0.239571632895885,-0.07593361805901229,-0.017286242328812467,0.11886034000667152,-0.1112216984502842,-0.6778236006420838,-0.33415344826513865,0
-0.050111526134865844,0.015318842292225398,-0.09234698985711015,-0.07398023620179717,-0.007063011426006289,-0.0019905059464990294,-0.251476996477934,-0.08091914445998585,-0.017555109474823374,0.0716656819230527,-0.027951904808946215,-0.09200371046911163,2.1417925879661706,0
-0.0017179276723153407,0.061566985666511205,-0.09360918612756818,-0.07512569026928219,0.006914402177799659,0.04526407650328596,-0.23946753040276125,-0.07758012437284804,-0.017229718429453065,0.06957892338434872,-0.028232714433118224,-0.05185781222336025,-0.3053331649686681,0
0.07375412727507955,-1.079787702946089e-05,0.08675682105696642,0.00013100029956537767,-10.607072721043762,0.04049500330705832,0.09878806837922278,0.014423570274927421,-0.017459034737923148,-0.04155313675260681,0.08823794755653683,0.24252274512472433,-0.12251387387278877,0
-0.02333377693628713,0.048847524326052064,-0.09096964761940567,-0.07907215939773678,-0.00028853750098276743,0.036317018690285606,0.7224134279879867,0.08822041780856246,-0.017679236442780053,0.07975141994119789,-0.027442640165471956,-0.039209312356844266,-0.30349158782917124,0
-0.24728851812729039,-0.09264466162332069,0.027716392756058195,0.04077511052633766,-0.2842141351860307,11.520089621200352,-0.2365606004496143,-0.04414171520774287,-0.017171062714119747,0.020308518774947826,0.0019227080454686694,0.07461679818593742,-0.621043293787195,0
-2.4132891740282867,-0.019795007950188844,0.6113314361844339,0.5864133148842618,0.0032719466263383392,0.04196531544137964,10.83039447999309,-2.326048012473535,-0.018490142683751147,0.2653021507706935,0.5301292578661726,-0.1077245942218127,-0.2807498968334475,0
-0.03300388772236139,0.0428323094002373,-0.09234695555521948,-0.07398014274700228,0.0016156668002991993,0.05478291041289588,-0.24908474220603075,-0.07933897572543668,-0.017286506562306122,0.05899112317666874,-0.02760775653984506,0.8332838555683179,-2.745888597168445,0
2.2060154738064974,-0.08529547976856043,-0.0023932012057137587,-0.20455489737357013,0.00470865525007557,0.045276561698856264,0.0002444731589969013,-0.05604597320026431,-0.01755712557837458,0.09844689799336256,0.06252770274912346,-0.02172545503207128,-0.299594413075454,0
-0.02177279470598796,-0.02943714179389083,-0.06144468465486478,-0.09300237229563842,0.0017615572814686804,0.039613749182260315,-0.18173315417387317,-0.07008137958327837,-0.017288097625655443,1.5276918828636765,0.11180498860679433,2.690116553956401,-0.10164264307699968,0
0.007303339557890299,0.06550274223510162,-0.09219712755016757,-0.07482440011008332,0.006757048887384812,0.04830157400080806,-0.22111499019204112,-0.05194755729883941,-0.018137428961325665,0.08612870430464478,-0.03988348944568742,0.5953377359903481,-0.2510502982961983,0
-0.04761915078997542,0.007163644873781982,-0.09234714931495314,-0.07398003946508279,-0.0050388065071028144,0.03552296794161239,-0.2509023945058756,-0.08045941330082311,-0.017521979968368493,0.07154068140645072,-0.026270267274513957,-0.14914922472177025,2.142874254242074,0
2.4590128495071637,0.3696622300821789,1.8511092234961015,-1.2572203925240364,0.012027196442565646,0.044224990122212184,-0.4427006941867678,0.1864106776911882,-0.017384086992215563,-0.8268590243956933,0.5552886641365329,-0.13012236979328878,-0.3011119442832609,0
0.1677710670833914,-2.8596397472667845,5.661420836270544,0.8564349747711061,0.00574768682020811,0.045998083485956784,-0.32924248001508927,-0.02288159241300262,-0.017539923293010566,-4.486687540890218,2.3894166683392037,-0.18656890443294968,-0.27564134120365175,0
-0.011035080668282954,0.05821347589289535,-0.09283567149900024,-0.07306172786015179,0.00011434094688115036,0.032746375680182065,0.5777885135206798,0.4196741626128868,-0.01815429236793403,0.06953627805645235,-0.030198262624838493,0.02185342992459558,-0.30294245284607546,0
2.2427054310513497,-1.9279985002710833,9.919754414375866,2.927316304988487,0.007062748315326321,0.08492800470174378,-0.4806417348963438,-0.016073459622874393,-0.01755951701887916,-8.10038383343777,3.351192862656602,-0.68770152539073,-0.28560862035804735,0
2.581772750778192,2.302117522119422,3.332441811727293,2.4559005776817906,0.002250225825334747,0.04339890637526145,0.03268032378471474,0.04539002389886037,-0.017359172523786208,-1.6745440824226159,1.1426540728426102,-0.19845839061406262,-0.2792495984636803,0
9.709072767942523,17.306567219381506,1.8586373686963646,8.761772753465943,-0.0036072040739314566,0.04019466902076062,-9.58287335252416,-0.2860315708197787,-0.017592580882065674,-57.474118834942644,-77.96573729770252,1.7041340642686076,1.1253744936219612,0
-0.04043163856052451,0.039031479931420476,-0.09251421542593789,-0.07401926261433635,0.01260165261797466,0.034336698726450336,0.32987920794185044,0.2593813374445405,-0.017082509502095323,0.0767097110846072,-0.026942581822074988,-0.03086558350187933,-0.3049686109378002,0
1.0161437658946184,0.16386141495061404,-0.08024730828645853,-0.10988140026374676,0.007508227898802468,0.04555368736527251,-0.1568595635038281,-0.04443545978781143,-0.017461281952534602,0.0403574778525997,-0.0016341352252234845,-0.019633550903113094,-0.3010153954417767,0
0.017656010805787305,0.1067478013333831,-0.09245219567189418,-0.07407848311419553,0.007388993597564369,0.05963593489337049,-0.18525810706692655,-0.06253230605724142,57.93383742782027,0.07200861709379136,-0.02772530257697993,-0.04723009048004509,-0.3151674794730541,0
0.009631986573493961,0.06651311682744188,-0.09197370044001742,-0.07522175710923593,-26.88425787061951,0.016946138475630295,0.1798380045193312,0.004825266000519947,-0.018994491883135674,0.07305176405793422,-0.02751920202749679,0.04165443109289699,-0.07844305148868762,0
-0.02070526625776347,0.037098089040934444,-0.09247048283099718,-0.07417813497759246,0.0022035584642866044,0.03662827688638334,0.5098931727296458,0.04753923262041484,-0.017902011096144525,0.08384137626937806,-0.030273275218270987,-0.036652133129527587,-0.30399206062477235,0
-3.8665793830285597,-0.7623489868073601,0.011810837026737953,0.7043691052420822,0.004089761997835781,0.04654172642778125,-0.06258257387657971,-0.06108889283634194,-0.017119672923415277,0.0396984947368383,0.11105160010650353,-0.07221929941323774,-0.28074776189970857,0
-7.120143035698776,1.4033218393300948,0.7496287722511767,1.3357930100523887,0.0009182667693692052,0.24378342913414122,0.9401541869026226,0.48620110629967667,-0.01751111019003685,-0.2996707476113105,0.19493284530146116,-0.15066671921486074,-0.2953407837259838,0
-3.19392334294492,-1.9473754258213223,2.228826466272981,-0.2483149401706579,0.007035026994517219,0.04351175993544751,2.510829281351113,0.40227089754479484,-0.0172972108743038,-1.6456578439110714,0.6105062903393831,-0.027931016479909712,-0.26725818275452023,0
-0.02744919654273737,0.03314063136206355,-0.09264142848735392,-0.0743939887560434,0.005046299294023716,0.03704819262137577,0.2495444361036196,0.0009373544513657824,-0.0176614690244282,0.06987893832742474,-0.02741962079512089,-0.03745165813982255,-0.30457677475027434,0
-0.5748468449214376,0.3249405581339999,-0.100036081340534,0.0785369268022209,-0.05290368795752816,0.07458237308764885,-33.152284372941466,125.56850090511362,-0.017298955756852512,0.0521451790533197,0.06323462397691075,-0.042387103660906,-0.2913020236309846,0
1.3753280298538046,-1.9652839801947022,0.1686078395287956,0.0884557468267058,0.008010953301925125,0.04137449285593245,0.052635039384992824,-0.01578956265165684,-0.017467787407785196,-0.03732252209074288,0.06975522659173584,-0.02329401098321305,-0.29462072746809004,0
-0.052159749541721825,0.019534245886861562,-0.09234745840354781,-0.07398004852898596,0.012524526957008347,0.03740856193145528,-0.2557613400924504,-0.08528081793823013,57.19727062856844,0.07196400482909379,-0.02766220349891017,-0.4602791080703768,2.1439388279340243,0
-0.047583729462240064,0.013910430371546647,-0.09234702914627449,-0.07397999458794494,0.014438011552705195,0.03341020564751542,-0.25150498424725526,-0.08126305553092954,-0.01738925674070684,0.0723065170895593,-0.027840920631349263,-0.47625814595762356,2.1435780204615056,0
-0.039892046684360125,0.015342721573655205,-0.09274726150949233,-0.07423813381862761,0.008883063885755963,0.04567746408747803,-0.12802482586998354,-0.0481091662723585,-0.017373677785168372,0.07025325278228188,-0.028003330210873662,-0.03896122034194424,-0.30616427403698787,0
-0.012459585029517932,0.05672774600560331,-0.09162927723356999,-0.07442132596701623,-0.008924749053396073,0.0149110475188964,-0.23465144311738195,-0.07747956960118316,-0.018324981368639217,0.06747994937584917,-0.027807069544534557,0.16210904780496685,-0.2918074957076522,0
-0.02965088662895301,0.030780375801363016,-0.09202794431209853,-0.07399774556957832,0.015677270325949268,0.03877666062202217,0.12808898299078342,0.16393496760109705,-0.017253767192748626,0.07132191383856426,-0.028558696321254108,-0.026142569576867725,-0.3030815199218168,0
0.5743729966333513,-0.6319366682693736,-0.09055226465584149,-0.061303794649305306,0.005603162760523213,0.04398116967747386,-0.08159332181750302,-0.04495128337258537,-0.01744501406964403,0.02821859920171118,-0.011854467620530123,-0.03267935825689763,-0.3027760166248617,0
-0.026568579579862785,0.005929786702770941,-0.0923466711919769,-0.07398031883853555,0.00020096111961911075,0.03193956783751754,-0.251093239280788,-0.08097583496675971,-0.017410822670928878,3.633872557028688,-1.473394479285872,-5.317931451331829,1.6415599983430988,0
-0.05782628051961676,0.0026918606111778517,-0.09234684402727569,-0.0739795448236383,0.017055803027611078,0.052959683469611885,-0.2565666779534541,-0.08537513350596725,-0.017326165545847563,0.07195704926672286,-0.027678233949755493,0.3527354780376018,-2.7491714698621617,0
-6.583257824362935,-3.1188174677248965,0.8511038513445701,0.675140300071746,0.005191214172259234,0.044492478851978705,-0.39611565215605254,-0.21550294489687946,-0.017350130378135747,-0.6914137775651064,0.03694181238467326,-0.2264115531829533,-0.30196240782170325,0
-0.5954739475392218,-6.0450037169268,0.7034371392905826,2.4456140169905884,0.0074245167881925814,0.044566007763597704,0.24638722253361445,0.024680305401777344,-0.017265350249569537,-0.45032609159609205,0.5291899151563787,-0.12387021138659021,-0.28978388700300445,0
-0.04814449133377091,0.01241058882467618,-0.09234462185352245,-0.07396347224139814,0.01356342379238987,0.03546200091083535,-0.2510123445653682,-0.08083387013354013,-0.017268574143401744,0.06733026502895414,-0.011877572421404416,0.5292994687737503,2.1270468643937077,0
0.015182097988007322,0.09193055755023687,-0.08877639692343024,-0.10412950759784374,-0.0024462393426899014,0.02833193643209749,1.0976558774535499,-0.10661767011060819,-0.017284426816432334,0.07840598922644823,-0.02610811022609764,-0.0373153156690277,-0.3059692312378429,0
-0.05976127524511553,0.007044607340031569,-0.09234745597198965,-0.07397910439283217,0.0012785082420811514,0.0370568356342764,-0.25849340228238915,-0.08693648628515385,57.0267934643417,0.07193169705228734,-0.02768292043521801,-0.401112995245231,2.141988845107981,0
-0.022444528361483414,0.05643901131296907,-0.09179900623232837,-0.07350968725341046,0.037573072913841196,0.03569211820465233,-0.24974992718151884,-0.07971969928324087,-0.017285514950650224,0.07144449338034514,-0.030956614874395043,0.39383432644138205,2.132873281860737,0
0.008784328583104406,0.06648603660690275,-0.09213505736555448,-0.07299660585269095,-0.017996184059405413,0.011122678385156372,0.13244588064423563,0.15389794498012105,-0.019537953651905464,0.07235901860458299,-0.026249510525090752,0.19501184886205117,-0.29785780141565615,0
2.648768662724526,1.4767624873704321,0.17232353629289118,-0.05272956635332338,0.008983800553840836,0.04568254211774198,-0.402127961155267,-0.09965765976659724,-0.017652261433105974,0.14659710573125567,0.090818769277451,-0.030785842117483832,-0.293874218847529,0
-0.05017606842846989,0.04364168260845675,-0.09247055335786415,-0.07389951970285157,-0.0019895754032560613,-0.39851157747867344,-0.25004794820338555,-0.08038052746959402,-0.01744074933965305,-1.5985625553058875,0.006749645377522615,-5.079191049816608,0.622358461350782,0
0.11002492902287343,0.03806988680643454,-0.0928982295208517,-0.07703510255055786,0.0008295689586283004,6.874810831925319,-0.12296058734310916,-0.06028321163225975,-0.01753403529229675,0.06856928977912619,-0.021595686772764563,-0.0835302829509579,-0.5490026391420393,0
1.6324523131204605,-1.7207293104563548,6.511438379585911,-8.051595620440931,0.010327735319993231,0.5194248840846274,-0.5772255987272406,0.0048683788472536306,-0.017289080627677963,-5.02860387368886,3.6382041643954643,-0.5701083846543584,-0.31228719009676825,0
11.200339366595573,8.443324688517412,3.176726010506581,0.6778464284026735,0.002743811532960191,0.04610114979048918,-1.7222578914424262,0.8200350428578252,-0.017123787989346786,-0.47861771212665105,-0.10269779473040941,0.02616555792914668,-0.28417112937384226,0
-0.02283530550967262,0.04068864486019915,-0.09210486548117833,-0.07385960217482888,-0.004639002255341552,0.03066185971351292,-0.016373848807667454,-0.033080874889960296,-0.018746067105028887,0.057201901739992705,-0.040803446732574446,0.13531652407729736,-0.30001495445950815,0
0.5429382986322869,0.6248284605210394,-1.292607965173693,0.6179773806831966,0.005801883158575494,0.04197825446941208,-0.13666930313164463,-0.08856648401017501,-0.01801293660612851,3.5568595122914988,3.6356560152740673,-2.7440005857326795,0.6304206721212807,0
-0.040852175301443555,-2.9008395445468635,11.338173752405051,9.199747044334792,0.006615469009219461,0.04753174095844233,-0.6737852469081842,-0.09069616403880464,-0.017603426270836862,-6.689213865728781,5.948365979081342,-0.3430606111266219,-0.24291225681608095,0
-0.015289998816059594,0.03675871101594597,-0.09236403665434711,-0.07398930141415996,0.014984483439168663,0.03806854892331477,-0.015663987608080715,-0.043539719142951294,56.98010263963767,0.07198818887189251,-0.02768491433959245,-0.020017798883501435,-0.3087334934393903,0
-0.17025653028169277,-0.16683343473033424,0.43433801177768744,-0.0684224397509851,0.003708435849357324,0.04518912209851397,-0.17353153619113618,-0.05146284961671512,-0.01722899360535987,-1.584927328247228,1.8476666505341879,0.04825217049899894,-0.16272385959666677,0
-3.417564670443629,4.092189555425008,0.5913947457792456,1.1543799285972138,0.002421330176472152,0.04842918807940422,0.48057637817186366,-0.4223864892899408,-0.017412834243496423,-0.31155781372784896,0.34905255043507827,0.043860711540566664,-0.29064673903154786,0
-0.022206823920724157,0.058542190815376004,-0.09240707738201473,-0.07405220160630013,-0.003610086349486296,0.03793033521144379,0.20500977868204973,0.026526580031839532,56.82796202262845,0.07194635789847799,-0.02764506675957327,-0.026423711684142964,-0.3107929051671314,0
1.4914111671229675,6.051619084175901,0.3872328046221315,0.5159552360097621,0.004094945420294096,0.040379295115948156,0.09645025973142432,0.1633550747765581,-0.017482210520136196,-0.20748025057954272,-0.08591138667807174,-0.06813454455082131,-0.3027028023837964,0
1.004197326784292,18.720508298269156,0.23682379504499748,5.506554563173653,0.0038245460755283937,0.04423912914423982,1.3611696579221926,-0.6040282161108981,-0.01721344189169227,-0.5595137236226335,-0.28545696974381773,-0.14313525370813976,-0.29447608411096277,0
0.3369230703001058,-1.3295171076625867,3.689899820729725,3.363018884036949,0.0007133657529135243,0.04731163517042398,-0.3197319035570658,-0.25211382146249034,-0.017419329036434537,-1.5518469090350455,1.1480186104326207,0.03400725496227933,-0.30662770932565886,0
-0.5375563510726744,2.6854459162977355,-0.09755571965260387,0.4467648777286399,0.004631756221341341,0.04315453093594693,0.07779915906799534,0.005939890294075599,-0.017370591630697506,-0.049621775178180734,0.15200389691382735,-0.10467394372493383,-0.21667184359284916,0
-0.14924517038398,-0.008180699568612464,0.21002952560776472,-0.11809921611723526,-0.02613444102612963,0.022242358980419586,4.703014190652401,-0.15005133569300044,-0.017424023108563676,0.045440419854293354,0.3157212433482514,-0.0313072892227405,-0.28900625473991437,0
-1.7390654445892821,1.1940354306110492,-0.12714320404767807,-0.11895313313733628,0.006840853463621508,0.04448272651826108,-0.02136894520657904,-0.02228882074639727,-0.017407708755868948,0.15980146113196317,0.053605918436971524,-0.01719182281345915,-0.2979801281034587,0
16.458189087735526,-1.7066267976975744,0.18923641148103873,0.1749063887982536,1.080613647540938,0.044193155849814855,0.14541183014074965,0.7778393546845114,-0.018041739400472327,-0.05518618129225211,0.19549448376950576,-0.17312753907595507,-0.28018342746850705,0
-0.04667718446182004,0.03617621041177031,-0.09127420338053106,-0.07508357127244453,10.004286184821895,0.03686636126440842,-0.10522488897077957,-0.018015387842644077,-0.018092893302529382,0.07463012875869676,-0.027652290370923555,-0.003413651789647557,0.10426338977777305,0
-0.02235451198384861,0.04439874971807718,-0.09214022104376139,-0.07607457841088734,0.006366642849654987,0.03818527422745366,0.13103448556089464,-0.001041049685996984,-0.017629381571508645,0.07171637783564441,-0.027440141119232164,-0.03220235563361916,-0.30470544012629547,0
7.825072854394006,-0.5134171588169343,-0.08367077307094181,2.269381464069625,0.0019108473776978407,0.04319364391879628,-1.2698050424172418,-0.34343159072847024,-0.017503707886961702,0.01799914941688405,-0.2590084647927005,-0.10325313874431949,-0.2905644886358717,0
-0.011501464652835823,0.044902321611930925,-0.09239451462240078,-0.07430902147982417,0.007691809008372737,0.03912124523502526,0.0033457514086541167,-0.034941489023064216,-0.017739503378347524,0.07094130977616306,-0.02866581504919008,-0.035688556516003854,-0.3044804367743969,0
-14.93519285325763,0.4216637275752724,0.1352095256180826,0.8005544280291187,0.0073668826489595675,0.0436519933580336,-0.5110151265334499,-0.5364543457993091,-0.017094587247988114,-0.5302123575881033,0.3837269342854903,-0.0767560994219151,-0.2852532787230217,0
2.345449183799039,-1.3710716537913432,10.925387344275066,7.695263990535008,-0.6758393644101486,0.04194620387960534,-1.103068657013709,-0.11754040446243565,-0.017285853033628992,-2.9933529166962782,-10.030549257759063,5.801889678236847,-0.8137929418347767,0
-0.060069179994922256,-0.01775040846799686,-0.09234531290128818,-0.07398574515306684,0.010004175286753212,0.013204437935383315,-0.25720793438742723,-0.08598151023953175,56.7619387360018,0.07170947231065505,-0.027854052995282465,-0.39356663066516595,2.1321879390786065,0
-1.1635423740348214,0.12919117443829367,6.194752564713356,7.301569947030189,8.402080473970848e-05,0.04609998597782248,-0.06526095718286865,-0.15557965782354663,-0.01750699377010367,-3.1768025388292362,1.001092546789953,-0.07388549225180746,-0.28031862105291244,0
-0.013059944627654698,0.1820779794626301,0.05439025846317488,-0.2657912856748907,-0.018255145702342282,0.013918146843242673,2.561755904311073,0.167802706105011,-0.017201420892884775,0.05869200879657726,-0.020228797650649867,-0.05368179669433601,-0.29941213627937385,0
-2.2664606035631034,5.7126377556496974,-0.28774492654815853,17.61940355966419,0.011060841837395056,0.03736750089648442,-0.34147653804210665,0.03995004176713142,-0.01731699419918098,39.403078123664805,-31.378788844412377,-6.8649069598517265,0.9117572948885394,0
-0.6596400242490875,-0.2924408892357634,-0.09434083183901623,-0.18409936321906573,0.006626875265785447,0.04452392418597692,-0.23039080196779088,-0.037386498163875063,-0.017469965362529538,0.08364128724269537,0.012279534281919618,-0.020948074942393147,-0.29652517277590495,0
12.857997871767138,6.658768999041099,5.40136276071546,-0.04736660969498424,-0.0068172114925843675,0.03514141192464401,-1.403712408443021,-0.3500552187608829,-0.01759136888316118,-35.92616154995057,-38.56653173044047,1.7406113205415674,0.3394839304112869,0
0.19776946881053215,0.3368278261789424,-0.2016409269097471,-0.37204129235954825,-0.009556075071150284,0.044043899979087496,31.19712047195331,-0.39810513840612977,-0.015811555415178917,-0.20711777868909892,-0.5960510423283853,0.0033167767736165866,-0.30406834399282845,0
-0.011455594046746568,0.01011339069647768,-0.09223188547960559,-0.08063734196630222,-7.178287606978288e-05,0.05425650470537518,-0.24947541018440747,-0.08020636901725581,-0.017207567627340704,0.06816718243282018,0.0070407102868582355,10.466857045601987,-1.9041581099574647,0
4.1488607250206,-2.4199905963898054,-0.5586134529269069,-0.020323182458221945,0.004094931067141113,0.04575153441896876,0.8572718913375065,-0.018939633875841844,-0.01740806841127633,0.32678468540108313,0.05308011757090499,0.00753891558724655,-0.29961776594865364,0
-0.14095697230595766,-0.08710387816258729,-0.07854873610927623,-0.03403472728908381,5.228315247155336,0.04093147776236965,-0.04548169282826046,-0.035514616302469784,-0.017620896162558793,0.050884452418436275,-0.0381300150055241,-0.06740857012843472,0.02382992379818836,0
0.07559354131958285,0.07218430408550176,-0.10031349632307353,-0.07269452392986298,0.24193360742573553,-5.1333968764944276,-0.04016711542638428,-0.01664290221643786,-0.01715488174883188,0.07015716497621417,-0.029099032457713406,0.2517086152553676,0.2116238051798793,0
-0.39648696944058043,0.722528499810162,-0.10753448264344989,-0.06400705110805115,0.018708559972255255,0.04334701596309328,-0.0763038255081356,-0.03481496441055513,-0.017407268081062646,0.051664765265750465,-0.05590231090337906,-0.03608360442522124,-0.3019924086815579,0
-0.023003715247894886,0.04769184588353771,-0.09121858915915439,-0.07649736222358842,-0.012342907795737003,0.029067998668390032,0.3761869052928786,0.027034035768761254,-0.019288521503902534,0.07141010962797521,-0.027882098589091266,0.14629182168065524,-0.301538010786665,0
-0.029315084327570348,0.04001245390954322,-0.0926298985130623,-0.07410435236066454,-0.007414162879260802,0.02980384977462459,0.1765618857212803,-0.012107630098616928,-0.018698498770080153,0.07193555645101916,-0.027964225198222777,0.13286893536149616,-0.30014145513347745,0
-0.022845707764781183,0.04757837968528207,-0.09248054358104005,-0.07428338053688181,-0.022419564124539677,0.028833586491938762,0.6473599761396952,0.11518865296462406,-0.01931414785621701,0.07987693337524154,-0.03137696674316975,0.16366135593347123,-0.30012660441782596,0
3.4865932235582484,4.995983317310869,-15.021869188844175,15.54946503098159,0.00566836580617238,0.0529891073325486,-0.06062499060787586,-0.652326421135124,-0.017272924931634945,10.696191309091851,19.17931403340856,-1.2766197690337702,-0.727810476966134,0
-0.004685919420012976,0.1058513524097343,-0.0806685382787655,-0.1157659384670275,0.006173325960743784,0.04716412157959461,-0.24794444488734713,-0.08245017437765942,-0.017287304971885308,0.31340411011487007,-0.05587635847062803,-2.4979565587888195,-0.40438943353584494,0
0.37628390725229105,-3.991255123483552,-0.019201661502090055,-0.6420272403182488,0.006228541655744604,0.039895565064401575,0.1483824775507032,0.1016677327764228,-0.017898716775067224,-0.05657566119718295,0.062441602369301796,-0.010120453757853254,-0.2908659149956092,0
-0.03799037182774081,0.06878080623147588,-0.09242249755476911,-0.07406416141142587,0.007303498728839631,0.022720859348140252,0.8383063990476832,0.646303446149685,-0.01734002874271922,0.07192650960158187,-0.02772920270589099,-0.06251649397268683,-0.30459976689679247,0
-0.04518878571425296,0.01290455763405738,-0.07438920439470154,-0.06963589512179097,-0.002343346506132533,0.03521091308764679,0.8271718470967718,0.24813092710340734,-0.01747384077155222,0.04444508048337528,-0.011463830773255855,-0.0332178556388793,-0.3009294260125197,0
-0.5958788697511515,-18.052092609318418,0.2532019163372401,1.7334833988816145,0.0043488258382525175,0.0375478453627169,-1.149082645732353,0.03277325043478578,-0.0178559452731787,0.1943961562788497,-1.1978783680623728,-0.16786655779009454,-0.06062186080283398,0
0.8036293446455117,1.4335436161574453,0.08874311944168103,-0.021083157948781548,0.008612849218258745,0.04385880560972513,-0.09432996569238063,-0.00734723633628968,-0.017911286492216134,0.04372625422156236,0.021785016489255682,0.0021922170515817608,-0.2949503850921316,0
-0.41497348004356727,-0.2537399720528321,0.3126011003382501,-0.5921452374610098,0.019038029915907067,0.038791102378896596,-98.18673403911033,48.923501204719116,-0.017260851585990104,0.16513510544999224,0.13491357008628835,0.05012100434872976,-0.30148570155650783,0
-2.2986522562237983,10.31512931568478,-0.23299627927656616,-2.852160421735382,0.006614790477158992,0.04006509206741901,0.2550449697014552,0.5407916634797995,-0.017179309949454328,-0.3410207497159428,-0.06466545785105726,-0.10004575288100184,-0.274721151610278,0
0.36534037208031817,0.17901548268932857,0.9881399859763136,0.29957285094688674,0.004675306435131601,0.03685267391230814,-0.5130322517810945,-0.13113617455079735,-0.017310868942224555,1.292637548987387,-7.562808805506716,-0.9671164960579371,0.6548538323021129,0
-0.046804953249066875,0.013705425277288035,-0.09234877785364086,-0.07398297770112382,-0.002175928021731844,0.02825965065490157,-0.25030867990451805,-0.08027945630985187,-0.01739200597346306,0.07111122478935993,-0.018206118236082425,-0.32184336217761483,2.141471860277428,0
-0.0607269996631028,0.014989763404717669,-0.09234664171730127,-0.07397937219670003,-3.1150028477595892,0.036235611248979845,-0.2567226962723298,-0.08576302658707777,-0.017388349342540087,0.07195769944050782,-0.027682495975822504,-0.44855991105437537,2.1438702606289355,0
-0.03486767340281697,0.007151982846006407,-0.0923471998474668,-0.07397999434252119,0.04340013703355202,0.03862007395211051,-0.25071132913250654,-0.08055680880022503,-0.01742334578490324,-0.054919242805459054,-0.03374033547627233,2.431790405449703,2.107288302917211,0
-0.15798668781670103,1.4006729750573113,-0.0968425201458336,-0.04487576480561408,-0.1030941205412761,0.003269068369320809,47.591449080548195,22.758965777661896,-0.01635879938692575,0.08286983750154006,-0.03329234148658547,0.038689526663261635,-0.2943594630974122,0
-0.10911200239229685,-2.4288559112084536,3.558452244568572,0.02510099257029445,0.0085299217903359,0.048779572959558454,0.24322657367736059,0.572871966240486,-0.017282087148854836,-9.34704601619846,20.217887935605916,1.224783732605513,-0.1743278070155463,0
-0.3814163102829618,0.020165131615235532,-0.03116902370989189,-0.05149607913262787,0.11227371328204788,0.040270662151247485,-0.23968416249655078,-0.10569172221019865,-0.01735639980077833,0.28493599881233955,-0.059595120044170155,6.540499096712227,0.9182627463182609,0
5.347083176110413,0.408661383936195,0.0021605607920720856,-0.4712715808657174,0.005989749540688599,0.04306923387679513,0.263414198869671,0.10164204195033316,-0.017121822975697483,0.06463668496512887,-0.12534186654482588,0.011733770637697871,-0.2999700570753755,0
-0.19557560925128675,0.032788576270268883,-0.0929791492680115,-0.06283554391738747,0.1920811089521965,-8.57663817335129,-0.050229602107334355,-0.04422027919824451,-0.01744838913820013,0.056352666269003086,-0.018962913430078998,-0.20914271373902507,0.6370453841994451,0
0.28973604937725833,-0.20177430979825411,-0.1356962542335032,0.13590743818794593,0.003257232025331411,0.04623820299490869,-0.19754214224640018,-0.07562365064553658,-0.01723098611005546,-2.386833283705551,-3.9558010319370305,1.1052870844839702,0.16070428110519364,0
-0.03367489827163119,0.027838864370891402,-0.09234670596544087,-0.07397846013575601,0.015856239278709074,0.03502136243650894,-0.25034629821808974,-0.08047185035947102,-0.017357297504694183,0.0719300802509902,-0.027664799045953654,0.27992505162534476,2.13906270666485,0
14.322534313610234,-11.44416224892989,-5.802146469066575,3.993043663330056,0.007414815261947776,0.042651787574678836,3.2705896921164985,0.6083638127091904,-0.017395111319259145,2.5707388262663744,-1.925622376202797,-0.23443730392484516,-0.09183819471639557,0
-0.015186101869196321,0.05883063001768819,-0.0928018980883601,-0.07470785514551805,0.007282221788693036,0.034477000302051856,0.5334961551565504,0.22397476295041976,-0.01673158395604508,0.0725193331017028,-0.028988015650081092,-0.022258687657864654,-0.30560374600758905,0
-0.01525664311407947,0.028902815841286605,-0.09220156261373831,-0.07468949825649047,0.01862423509837217,0.03994174891358673,-0.038463844518157986,0.0791891754561878,-0.017297691168412167,0.07218983089613536,-0.02899263855216367,-0.025239005541162676,-0.303212151445315,0
-0.015643368456411823,0.04258892964009698,-0.09259795633493204,-0.07404573663131751,-0.008272093138464344,0.030874379059695513,1.0599111555104963,0.24257612908996315,-0.017542233638813846,0.07862339089556473,-0.027786243923492385,0.0009026465216236871,-0.3021235645516872,0
