UserID,UUID,Version,TimeStemp,GyroscopeStat_x_MEAN,GyroscopeStat_z_MEAN,GyroscopeStat_COV_z_x,GyroscopeStat_COV_z_y,MagneticField_x_MEAN,MagneticField_z_MEAN,MagneticField_COV_z_x,MagneticField_COV_z_y,Pressure_MEAN,LinearAcceleration_COV_z_x,LinearAcceleration_COV_z_y,LinearAcceleration_x_MEAN,LinearAcceleration_z_MEAN,attack
97bb95f55a,1463549253668, 2.3.3, 2016-05-18 08:27:33.668,-0.007558757873979592,-0.007167436322653061,0.0007174410308365369,-2.7856980360805627e-05,-0.3682978723404266,1.1259574468085107,9.655929912390482,8.233503106155423,976.979970952381,-0.005743664817681373,7.947597143644544e-05,-0.15368091914387755,-1.0098913572959185,1
97bb95f55a,1463421284609, 2.3.2, 2016-05-16 20:54:44.609,0.0220709476932292,-0.012043868870208332,-0.0006878062895758223,-0.0001104197269872157,27.74,-35.44733333333333,7.461258100558661,12.757896536312852,972.8437355000001,-0.002571070236777011,0.0005530153260845271,-0.1906548358941799,-0.9924920747619048,1
97bb95f55a,1463078697531, 2.3.1, 2016-05-12 21:44:57.531,-0.008300185831818182,-0.009637146344444444,0.00507616747598252,-0.0017635240455709008,32.84285714285714,-11.02984126984127,5.048402735562314,10.047720668693007,973.8563066666667,-0.4230114247401415,0.4071494486785601,-0.13514771035527634,-1.0907303782261306,1
97bb95f55a,1463508022399, 2.3.2, 2016-05-17 21:00:22.399,-0.006910768836363632,-0.008075565410909091,-0.0005653657515707658,0.0009794425999214073,-20.968736842105265,-45.520421052631576,4.286470375939846,1.091510776942356,975.1446842857144,-0.00906588633445593,-0.009879757235932464,-0.12440375981319796,-1.0377660400507611,1
97bb95f55a,1463565479661, 2.3.3, 2016-05-18 12:57:59.661,-0.001952538782311564,-0.00928091578643216,-0.0021410726483599997,-0.0004874345430601368,-35.439157894736844,-13.044947368421054,0.0365417543859653,-0.07829854636591478,975.8748113636364,0.0015463110177540095,-0.0008277874394021916,-0.09735710558777227,-1.0868106976237624,1
97bb95f55a,1462303560633, 2.2, 2016-05-03 22:26:00.633,-0.010737319353538458,0.01580415402964103,0.00016264911495295228,-0.0012839696417878738,16.618105263157894,7.576736842105262,0.3532699749373435,0.4109370426065162,973.7106242857144,-0.0022983246656968315,0.0003571099016107939,-0.22139183370531398,-1.026460314589372,1
97bb95f55a,1463253096939, 2.3.2, 2016-05-14 22:11:36.939,-0.01648538145668394,-0.009557022816580309,0.00013550150014048553,-0.00023192133948581715,-21.07336956521739,-26.65304347826087,-0.3924573057733431,-0.25685730577334315,1012.156319047619,-0.0012438423641908097,0.0019951464131074607,-0.17991654561578949,-0.9043507140000001,1
97bb95f55a,1463480066947, 2.3.2, 2016-05-17 13:14:26.947,0.014809906845641029,-0.004592928530461536,-0.006909684658260953,-0.0047765972620415435,3.3880851063829787,-18.91882978723404,1.6115990442598709,-0.4538665490954599,974.1858033333333,0.02244448068609401,-0.0631722059899543,-0.2207173482546392,-0.9821515789432992,1
97bb95f55a,1463565538964, 2.3.3, 2016-05-18 12:58:58.964,0.192444842939196,-0.4005862796940704,-0.2293913810431748,0.23981542270362485,-35.24336842105263,-9.458842105263155,7.18485894736842,11.571554586466165,975.9285566666664,-0.056212004899473166,0.062409266843357236,-0.10691526737492384,-1.0106422514213198,1
97bb95f55a,1462098072337, 2.2, 2016-05-01 13:21:12.337,-0.013086774016500002,-0.005103948332500002,0.0003938814499328298,-0.0002814821287279147,-24.33619047619048,-36.11841269841271,0.2267620060790273,0.6083635258358661,970.1721904761904,-0.0034446192202494553,-0.007619955711609242,-0.12375034713869347,-0.8917968211557789,1
97bb95f55a,1462303316871, 2.2, 2016-05-03 22:21:56.871,-0.005587338457711447,0.011044831698507462,-0.0007865763953522857,-0.0003716602175066145,-26.001497326203214,-3.712620320855615,-0.31545985854752473,0.5714585475245818,973.5072295238097,0.005615123884334695,-0.0015034347871274506,-0.23310989400547266,-0.9226115514427858,1
97bb95f55a,1462680615158, 2.3, 2016-05-08 07:10:15.158,-0.0041412155922,-0.007098655963900001,0.00017101872054070818,-6.4133256113504e-05,-8.251428571428571,-25.276825396825398,0.13351094224924007,0.20880020263424529,979.0480347619048,-0.0038100135070353405,-0.0005384579662293283,-0.1509275481599034,-0.9490149803864736,1
97bb95f55a,1463565419841, 2.3.3, 2016-05-18 12:56:59.841,-0.011939613819695431,-0.0051140804898477145,-0.00022739454392252783,-9.350325601869976e-05,-35.43850267379679,-12.318609625668447,0.0762538209418665,0.030679489391064376,975.922350952381,-0.0017887529498119988,0.0008643155200383697,-0.11838171043514853,-1.080832894653465,1
97bb95f55a,1462680555094, 2.3, 2016-05-08 07:09:15.094,-0.005978662264141426,-0.01224785108030303,0.0021654105179745573,-0.000439891462964882,-9.688421052631579,-25.569473684210525,19.893595989974934,18.363771428571425,978.9960452380952,-0.0010341728437519991,-0.003713725431119078,-0.1901497935839196,-0.9455804664723618,1
97bb95f55a,1462303380534, 2.2, 2016-05-03 22:23:00.534,-0.00962325689284974,-0.008822928615129533,-1.5832131519443123e-05,-5.5401454684232716e-05,-30.97728260869565,-0.6384782608695652,0.01778382038488954,-0.0011888809693513724,973.5194628571428,-0.0007527414770661438,0.0023024798321580873,-0.2409603794583333,-0.92615477796875,1
97bb95f55a,1462684021121, 2.3, 2016-05-08 08:07:01.121,0.05716650236414135,-0.09303175032323233,0.05479838414699555,-0.09230434233181373,-12.11079365079365,4.443492063492063,-45.43701104356637,22.258744782168197,978.0928204761904,-0.014909009308626918,0.30268993089408097,-0.3798862675502539,-0.9370149990456852,1
97bb95f55a,1462080932700, 2.2, 2016-05-01 08:35:32.7,-0.12934446667563454,0.0091304514502538,-0.030928935250824408,0.006234588996265111,12.924705882352939,-37.071016042780755,7.829234914611008,-7.984286527514232,973.5022359999999,0.12234128261081235,0.2453369244380036,-0.4118578999500001,-1.1425618128636363,1
97bb95f55a,1462080992973, 2.2, 2016-05-01 08:36:32.973,-0.04708088575581632,-0.03346479371122449,-0.002010593291499262,0.00666207573092395,-1.5092063492063492,-8.236825396825397,1.0324889564336373,0.5663666666666668,973.5935628571428,-0.012797828845452905,-0.060013988406369935,-0.2880207071790244,-0.6825853639790244,1
97bb95f55a,1461851851708, 2.2, 2016-04-28 16:57:31.708,-0.010924480178756477,-0.009646714746113987,6.209897252168883e-08,2.7503655974998178e-09,-3.719032258064516,-25.81258064516129,0.15773115954664327,0.17405105492589368,991.0502004761903,8.012947497319372e-06,1.7098237221297925e-06,-3.0134372887755103,18.45029201020408,1
97bb95f55a,1463290985010, 2.3.2, 2016-05-15 08:43:05.01,-0.0236779235560606,-0.02273236784343434,-0.00391534208716667,-0.019967432777384882,-3.582857142857143,-27.705079365079364,9.190638601823704,4.656167679837896,978.888983,0.005822256742514981,0.01762819312466611,-0.24520395403705586,-1.0020056618274111,1
97bb95f55a,1463507962307, 2.3.2, 2016-05-17 20:59:22.307,-0.009263227756262626,-0.006530124915959596,-2.546924079181047e-05,-2.3672763955739082e-05,-22.529368421052627,-42.89968421052632,29.967837894736828,8.761969423558902,975.1662914285713,-0.00024288114151698397,-0.000148675386640037,-0.21271964275252525,-0.9895179474242424,1
97bb95f55a,1463421344360, 2.3.2, 2016-05-16 20:55:44.36,-0.008871823654242423,-0.008768256269191919,-2.4044517503162185e-05,-2.239991721367399e-05,42.310158730158726,-18.05873015873016,2.309444478216819,4.870366767983788,972.9617465,-0.006750421724483826,-0.030055914285364325,-0.1947359515075377,-0.9633503341708544,1
97bb95f55a,1463320761033, 2.3.2, 2016-05-15 16:59:21.033,-0.004377317634010153,0.0021494547319796955,0.0010885425279922797,0.0026513402174376693,8.422021276595745,-33.10404255319149,13.08928522016156,5.697590032995789,974.3557147619048,0.0056043289030734715,-0.00767111108520427,-0.2344862772676768,-0.9736369626262626,1
97bb95f55a,1463508082923, 2.3.2, 2016-05-17 21:01:22.923,-0.009308958686868686,-0.005068076327777778,-3.122372465028113e-08,4.8722945820033426e-08,20.220315789473684,-61.70115789473685,2.82960671679198,4.913948671679195,975.1717023809523,-5.736185322206896e-06,-6.342851593582826e-05,-0.2240860608080808,-0.976024481010101,1
97bb95f55a,1462303256665, 2.2, 2016-05-03 22:20:56.665,-0.005735211561313138,-0.012406564705252513,0.006605436697320882,-0.008105923201079912,-29.67174603174603,-0.25174603174603355,-2.5217535967578533,6.041849746707193,973.4831485714287,-0.08256500462144531,-0.10666261593735996,-0.31420045475808084,-0.8951089199949495,1
97bb95f55a,1463006030700, 2.3.1, 2016-05-12 01:33:50.7,-0.00314333723888889,0.0029308223700000003,0.0011569238387114148,0.0008356306033880933,10.363174603174603,-8.952698412698412,6.851197973657548,10.646851266464033,923.9123690476193,-0.008178483640875731,-0.0009507013998275406,-0.18166349941557788,-0.9753521226633166,1
97bb95f55a,1462685010101, 2.3, 2016-05-08 08:23:30.101,-0.010081006393939392,-0.009099133840909093,-9.420567707576587e-09,7.080421605626068e-08,-27.06536842105263,-39.183473684210526,0.0028955388471177327,0.0013730325814535252,978.415199047619,-0.001619458655400784,-0.001604030714409012,-0.5840434103940887,-0.908122699359606,1
97bb95f55a,1462680675515, 2.3, 2016-05-08 07:11:15.515,-0.05475702642335024,-0.040037991574619285,0.0057677040851396326,0.00317701974504338,25.604361702127658,-24.181595744680852,6.886216623051528,2.97542283536238,979.0573857142856,0.000322189606800127,-0.005547431229981264,-0.18545708909090908,-0.9288772815656564,1
97bb95f55a,1462686636551, 2.3, 2016-05-08 08:50:36.551,0.017414932509648234,-0.02014233053949748,-0.0051698105939718105,0.005329444066941518,29.95396825396825,-23.96031746031746,0.7744385005065855,0.4448774062816614,978.2114252380952,0.002597287913041703,0.0034690288184452854,-0.21253458756059115,-0.9440347822167487,1
97bb95f55a,1463290924785, 2.3.2, 2016-05-15 08:42:04.785,0.043861861924120615,0.0009555258492462273,0.0049825340672356964,-0.012283017825258905,-5.2335789473684216,-26.66147368421053,7.760430676691719,5.275736340852127,978.7567914285713,0.003387025133741293,0.014807404809814574,-0.20191339298500002,-1.0165894808,1
97bb95f55a,1463549253668, 2.3.3, 2016-05-18 08:27:33.668,-0.007558757873979592,-0.007167436322653061,0.0007174410308365369,-2.7856980360805627e-05,-0.3682978723404266,1.1259574468085107,9.655929912390482,8.233503106155423,976.979970952381,-0.005743664817681373,7.947597143644544e-05,-0.15368091914387755,-1.0098913572959185,1
97bb95f55a,1463421284609, 2.3.2, 2016-05-16 20:54:44.609,0.0220709476932292,-0.012043868870208332,-0.0006878062895758223,-0.0001104197269872157,27.74,-35.44733333333333,7.461258100558661,12.757896536312852,972.8437355000001,-0.002571070236777011,0.0005530153260845271,-0.1906548358941799,-0.9924920747619048,1
97bb95f55a,1463078697531, 2.3.1, 2016-05-12 21:44:57.531,-0.008300185831818182,-0.009637146344444444,0.00507616747598252,-0.0017635240455709008,32.84285714285714,-11.02984126984127,5.048402735562314,10.047720668693007,973.8563066666667,-0.4230114247401415,0.4071494486785601,-0.13514771035527634,-1.0907303782261306,1
97bb95f55a,1463508022399, 2.3.2, 2016-05-17 21:00:22.399,-0.006910768836363632,-0.008075565410909091,-0.0005653657515707658,0.0009794425999214073,-20.968736842105265,-45.520421052631576,4.286470375939846,1.091510776942356,975.1446842857144,-0.00906588633445593,-0.009879757235932464,-0.12440375981319796,-1.0377660400507611,1
97bb95f55a,1463565479661, 2.3.3, 2016-05-18 12:57:59.661,-0.001952538782311564,-0.00928091578643216,-0.0021410726483599997,-0.0004874345430601368,-35.439157894736844,-13.044947368421054,0.0365417543859653,-0.07829854636591478,975.8748113636364,0.0015463110177540095,-0.0008277874394021916,-0.09735710558777227,-1.0868106976237624,1
97bb95f55a,1462303560633, 2.2, 2016-05-03 22:26:00.633,-0.010737319353538458,0.01580415402964103,0.00016264911495295228,-0.0012839696417878738,16.618105263157894,7.576736842105262,0.3532699749373435,0.4109370426065162,973.7106242857144,-0.0022983246656968315,0.0003571099016107939,-0.22139183370531398,-1.026460314589372,1
97bb95f55a,1463253096939, 2.3.2, 2016-05-14 22:11:36.939,-0.01648538145668394,-0.009557022816580309,0.00013550150014048553,-0.00023192133948581715,-21.07336956521739,-26.65304347826087,-0.3924573057733431,-0.25685730577334315,1012.156319047619,-0.0012438423641908097,0.0019951464131074607,-0.17991654561578949,-0.9043507140000001,1
97bb95f55a,1463480066947, 2.3.2, 2016-05-17 13:14:26.947,0.014809906845641029,-0.004592928530461536,-0.006909684658260953,-0.0047765972620415435,3.3880851063829787,-18.91882978723404,1.6115990442598709,-0.4538665490954599,974.1858033333333,0.02244448068609401,-0.0631722059899543,-0.2207173482546392,-0.9821515789432992,1
97bb95f55a,1463565538964, 2.3.3, 2016-05-18 12:58:58.964,0.192444842939196,-0.4005862796940704,-0.2293913810431748,0.23981542270362485,-35.24336842105263,-9.458842105263155,7.18485894736842,11.571554586466165,975.9285566666664,-0.056212004899473166,0.062409266843357236,-0.10691526737492384,-1.0106422514213198,1
97bb95f55a,1462098072337, 2.2, 2016-05-01 13:21:12.337,-0.013086774016500002,-0.005103948332500002,0.0003938814499328298,-0.0002814821287279147,-24.33619047619048,-36.11841269841271,0.2267620060790273,0.6083635258358661,970.1721904761904,-0.0034446192202494553,-0.007619955711609242,-0.12375034713869347,-0.8917968211557789,1
97bb95f55a,1462303316871, 2.2, 2016-05-03 22:21:56.871,-0.005587338457711447,0.011044831698507462,-0.0007865763953522857,-0.0003716602175066145,-26.001497326203214,-3.712620320855615,-0.31545985854752473,0.5714585475245818,973.5072295238097,0.005615123884334695,-0.0015034347871274506,-0.23310989400547266,-0.9226115514427858,1
97bb95f55a,1462680615158, 2.3, 2016-05-08 07:10:15.158,-0.0041412155922,-0.007098655963900001,0.00017101872054070818,-6.4133256113504e-05,-8.251428571428571,-25.276825396825398,0.13351094224924007,0.20880020263424529,979.0480347619048,-0.0038100135070353405,-0.0005384579662293283,-0.1509275481599034,-0.9490149803864736,1
97bb95f55a,1463565419841, 2.3.3, 2016-05-18 12:56:59.841,-0.011939613819695431,-0.0051140804898477145,-0.00022739454392252783,-9.350325601869976e-05,-35.43850267379679,-12.318609625668447,0.0762538209418665,0.030679489391064376,975.922350952381,-0.0017887529498119988,0.0008643155200383697,-0.11838171043514853,-1.080832894653465,1
97bb95f55a,1462680555094, 2.3, 2016-05-08 07:09:15.094,-0.005978662264141426,-0.01224785108030303,0.0021654105179745573,-0.000439891462964882,-9.688421052631579,-25.569473684210525,19.893595989974934,18.363771428571425,978.9960452380952,-0.0010341728437519991,-0.003713725431119078,-0.1901497935839196,-0.9455804664723618,1
97bb95f55a,1462303380534, 2.2, 2016-05-03 22:23:00.534,-0.00962325689284974,-0.008822928615129533,-1.5832131519443123e-05,-5.5401454684232716e-05,-30.97728260869565,-0.6384782608695652,0.01778382038488954,-0.0011888809693513724,973.5194628571428,-0.0007527414770661438,0.0023024798321580873,-0.2409603794583333,-0.92615477796875,1
97bb95f55a,1462684021121, 2.3, 2016-05-08 08:07:01.121,0.05716650236414135,-0.09303175032323233,0.05479838414699555,-0.09230434233181373,-12.11079365079365,4.443492063492063,-45.43701104356637,22.258744782168197,978.0928204761904,-0.014909009308626918,0.30268993089408097,-0.3798862675502539,-0.9370149990456852,1
97bb95f55a,1462080932700, 2.2, 2016-05-01 08:35:32.7,-0.12934446667563454,0.0091304514502538,-0.030928935250824408,0.006234588996265111,12.924705882352939,-37.071016042780755,7.829234914611008,-7.984286527514232,973.5022359999999,0.12234128261081235,0.2453369244380036,-0.4118578999500001,-1.1425618128636363,1
97bb95f55a,1462080992973, 2.2, 2016-05-01 08:36:32.973,-0.04708088575581632,-0.03346479371122449,-0.002010593291499262,0.00666207573092395,-1.5092063492063492,-8.236825396825397,1.0324889564336373,0.5663666666666668,973.5935628571428,-0.012797828845452905,-0.060013988406369935,-0.2880207071790244,-0.6825853639790244,1
97bb95f55a,1461851851708, 2.2, 2016-04-28 16:57:31.708,-0.010924480178756477,-0.009646714746113987,6.209897252168883e-08,2.7503655974998178e-09,-3.719032258064516,-25.81258064516129,0.15773115954664327,0.17405105492589368,991.0502004761903,8.012947497319372e-06,1.7098237221297925e-06,-3.0134372887755103,18.45029201020408,1
97bb95f55a,1463290985010, 2.3.2, 2016-05-15 08:43:05.01,-0.0236779235560606,-0.02273236784343434,-0.00391534208716667,-0.019967432777384882,-3.582857142857143,-27.705079365079364,9.190638601823704,4.656167679837896,978.888983,0.005822256742514981,0.01762819312466611,-0.24520395403705586,-1.0020056618274111,1
97bb95f55a,1463507962307, 2.3.2, 2016-05-17 20:59:22.307,-0.009263227756262626,-0.006530124915959596,-2.546924079181047e-05,-2.3672763955739082e-05,-22.529368421052627,-42.89968421052632,29.967837894736828,8.761969423558902,975.1662914285713,-0.00024288114151698397,-0.000148675386640037,-0.21271964275252525,-0.9895179474242424,1
97bb95f55a,1463421344360, 2.3.2, 2016-05-16 20:55:44.36,-0.008871823654242423,-0.008768256269191919,-2.4044517503162185e-05,-2.239991721367399e-05,42.310158730158726,-18.05873015873016,2.309444478216819,4.870366767983788,972.9617465,-0.006750421724483826,-0.030055914285364325,-0.1947359515075377,-0.9633503341708544,1
97bb95f55a,1463320761033, 2.3.2, 2016-05-15 16:59:21.033,-0.004377317634010153,0.0021494547319796955,0.0010885425279922797,0.0026513402174376693,8.422021276595745,-33.10404255319149,13.08928522016156,5.697590032995789,974.3557147619048,0.0056043289030734715,-0.00767111108520427,-0.2344862772676768,-0.9736369626262626,1
97bb95f55a,1463508082923, 2.3.2, 2016-05-17 21:01:22.923,-0.009308958686868686,-0.005068076327777778,-3.122372465028113e-08,4.8722945820033426e-08,20.220315789473684,-61.70115789473685,2.82960671679198,4.913948671679195,975.1717023809523,-5.736185322206896e-06,-6.342851593582826e-05,-0.2240860608080808,-0.976024481010101,1
97bb95f55a,1462303256665, 2.2, 2016-05-03 22:20:56.665,-0.005735211561313138,-0.012406564705252513,0.006605436697320882,-0.008105923201079912,-29.67174603174603,-0.25174603174603355,-2.5217535967578533,6.041849746707193,973.4831485714287,-0.08256500462144531,-0.10666261593735996,-0.31420045475808084,-0.8951089199949495,1
97bb95f55a,1463006030700, 2.3.1, 2016-05-12 01:33:50.7,-0.00314333723888889,0.0029308223700000003,0.0011569238387114148,0.0008356306033880933,10.363174603174603,-8.952698412698412,6.851197973657548,10.646851266464033,923.9123690476193,-0.008178483640875731,-0.0009507013998275406,-0.18166349941557788,-0.9753521226633166,1
97bb95f55a,1462685010101, 2.3, 2016-05-08 08:23:30.101,-0.010081006393939392,-0.009099133840909093,-9.420567707576587e-09,7.080421605626068e-08,-27.06536842105263,-39.183473684210526,0.0028955388471177327,0.0013730325814535252,978.415199047619,-0.001619458655400784,-0.001604030714409012,-0.5840434103940887,-0.908122699359606,1
97bb95f55a,1462680675515, 2.3, 2016-05-08 07:11:15.515,-0.05475702642335024,-0.040037991574619285,0.0057677040851396326,0.00317701974504338,25.604361702127658,-24.181595744680852,6.886216623051528,2.97542283536238,979.0573857142856,0.000322189606800127,-0.005547431229981264,-0.18545708909090908,-0.9288772815656564,1
97bb95f55a,1462686636551, 2.3, 2016-05-08 08:50:36.551,0.017414932509648234,-0.02014233053949748,-0.0051698105939718105,0.005329444066941518,29.95396825396825,-23.96031746031746,0.7744385005065855,0.4448774062816614,978.2114252380952,0.002597287913041703,0.0034690288184452854,-0.21253458756059115,-0.9440347822167487,1
97bb95f55a,1463290924785, 2.3.2, 2016-05-15 08:42:04.785,0.043861861924120615,0.0009555258492462273,0.0049825340672356964,-0.012283017825258905,-5.2335789473684216,-26.66147368421053,7.760430676691719,5.275736340852127,978.7567914285713,0.003387025133741293,0.014807404809814574,-0.20191339298500002,-1.0165894808,1
97bb95f55a,1462430677737, 2.3, 2016-05-05 09:44:37.737,-0.009721214012690356,-0.00858294924365482,1.35112764343921e-07,-2.5958308533114754e-08,-1.466031746031746,-23.162539682539677,7.311456940222888,2.474783282674773,977.0030928571427,2.0521938956166432e-05,9.613046537435561e-06,0.006764225925096464,-0.9606380604545456,0
97bb95f55a,1463532712801, 2.3.3, 2016-05-18 03:51:52.801,-0.00900694751025641,-0.00683134972051282,2.0763551851344228e-08,5.852423582037375e-08,8.158064516129032,-22.383870967741935,2.0680465213600674,0.7929987096774191,975.7149466666667,9.430746089676293e-06,1.7955659474272873e-05,-0.18842937378238345,-1.0184093319689118,0
97bb95f55a,1462136134661, 2.2, 2016-05-01 23:55:34.661,-0.00980097366751269,-0.006607884060913704,-3.8112711877160224e-08,-1.213695576255901e-07,-3.968936170212766,-25.67872340425532,0.3446296506997382,0.5966587325065426,975.366811904762,-1.555685659773078e-05,-1.2589795370837587e-07,-2.6051427226600987,18.308719403940888,0
97bb95f55a,1462953092588, 2.3.1, 2016-05-11 10:51:32.588,-0.008911552745728643,-0.007017897934170854,-2.086039826213084e-07,-1.9361523175942012e-07,-88.08157894736843,-72.54663157894737,11.968160902255645,6.337700451127818,924.62096,1.555600916207955e-05,1.901073982466093e-05,0.09618591695959597,-0.941527065,0
97bb95f55a,1463042738682, 2.3.1, 2016-05-12 11:45:38.682,-0.008935641665829145,-0.007420717821608041,-8.492121661500814e-08,-1.8457553705920558e-07,8.03842105263158,-28.929157894736843,0.3848235588972429,0.7873959899749373,925.7917204761903,8.470473772663241e-05,5.209466130560957e-05,-0.11447966008780487,-0.9734831297073172,0
97bb95f55a,1462628861034, 2.3, 2016-05-07 16:47:41.034,-0.010645919394444444,-0.009825450566161615,-1.2027435627661575e-05,-8.500679543214158e-06,12.5384126984127,35.37047619047619,1.034837993920971,0.3515832826747721,976.4127828571428,2.60990957164965e-06,-8.847339477137707e-06,-0.17731010085427135,-1.0439942668341708,0
97bb95f55a,1462936497171, 2.3.1, 2016-05-11 06:14:57.171,-0.009168102904615385,-0.00592724066974359,-3.154376986097836e-08,-9.4097011023446e-08,-47.84470588235293,-74.58320855614973,10.853688045540792,2.8625904778333617,923.5496171428572,1.4680736487424694e-05,1.4039338247870631e-06,0.028579354775639176,-0.9700626301030928,0
97bb95f55a,1463236731867, 2.3.1, 2016-05-14 17:38:51.867,-0.008961469594416243,-0.006125270624873096,-2.9346726130177466e-07,-5.941717118514563e-07,7.6342857142857135,-36.86222222222222,19.807595744680842,16.11159645390069,989.7547366666664,2.74253084971146e-05,3.323094694144453e-06,-0.16578931375634515,-0.993481268426396,0
97bb95f55a,1462386050429, 2.3, 2016-05-04 21:20:50.429,-0.009678842171717172,-0.007884570988383839,-3.6909863463496815e-07,-7.222143798625877e-07,-28.63079365079365,-12.223809523809528,11.617643768996954,13.48251003039515,977.7272266666664,1.136228905690921e-05,7.804065788677727e-06,-0.1937864701005025,-0.9331608137688442,0
97bb95f55a,1463409712693, 2.3.2, 2016-05-16 17:41:52.693,-0.009246120686934674,-0.006768979391457286,-1.3326828541754532e-05,-1.3109828000126095e-05,-16.262918918918913,-42.04118918918918,18.015022596944767,6.183975722679199,969.8475047619047,-4.502418285140929e-05,5.030873557110542e-05,-0.1757402915263158,-1.002432899894737,0
97bb95f55a,1462993169733, 2.3.1, 2016-05-11 21:59:29.733,0.03566337792720812,0.033624774612690374,0.06564975222399942,0.10560241032671304,34.04222222222222,-2.9993650793650803,-3.236720567375884,8.632592401215797,924.8522928571427,-0.13286364943358211,-0.09893036488639577,-0.4480278484649999,-0.9639066376250001,0
97bb95f55a,1462410734589, 2.3, 2016-05-05 04:12:14.589,-0.009671220342592593,-0.007673849464814816,2.6627157328967147e-08,-5.593022302419491e-08,11.19873417721519,-23.55455696202532,6.4992553414496514,2.4012014512617945,976.0441099999999,-2.54093508572234e-05,2.1115008325292297e-07,-0.03167238571419753,-0.885169900925926,0
97bb95f55a,1462647698113, 2.3, 2016-05-07 22:01:38.113,-0.010371382117346938,-0.00945829828265306,-8.359359408627852e-07,2.0282266548169167e-07,11.591808510638295,31.395638297872342,2.504644294003868,1.0246901922858125,978.7393519999999,1.9941197164737185e-06,-9.06933975349006e-06,-0.1748243549489796,-1.0477199892857143,0
97bb95f55a,1463370497873, 2.3.2, 2016-05-16 06:48:17.873,-0.009658666717171721,-0.007393634693434343,-5.7754395647820114e-08,-7.573547638360558e-08,-14.448253968253967,-11.417460317460318,11.277052988855116,2.7243189463019224,973.8368849999999,-2.6898318285241417e-05,-1.8932289967316208e-06,-0.1662551024489796,-0.9900011630612244,0
97bb95f55a,1462874991260, 2.3.1, 2016-05-10 13:09:51.26,-0.009747972688442212,-0.007422056053768843,-1.3835721391391815e-05,-1.7101285793254853e-05,-30.94444444444445,-28.993968253968248,17.27169716312059,8.878496960486315,972.547539047619,3.545102145435516e-06,1.4867165784591067e-05,-0.18926508179999998,-0.9567603487,0
97bb95f55a,1462539821444, 2.3, 2016-05-06 16:03:41.444,-0.009981419198979592,-0.007894370479591836,-4.620417714648398e-06,-2.225229670200513e-06,1.779893617021277,-24.93797872340425,17.145127488906585,10.594988929343497,975.2223252380952,-2.3281507398452725e-06,3.860781614848687e-05,-0.1729641451020408,-0.9567399414285714,0
97bb95f55a,1463234312341, 2.3.1, 2016-05-14 16:58:32.341,-0.009225463269230771,-0.005705993424102564,-1.3247193200702991e-05,-9.481437264436998e-06,7.875401069518717,-36.308983957219255,28.527371364498872,22.87689118509573,989.4729219047618,-9.640180055968046e-06,1.9676177132004606e-05,-0.1705819206153846,-0.997417555846154,0
97bb95f55a,1462096259412, 2.2, 2016-05-01 12:50:59.412,-0.01065125027486911,-0.008445427694240837,1.3912803459784868e-07,-9.029500846513139e-10,7.778210526315791,-93726.0,-0.018874285714285628,0.04153523809523773,970.2345266666664,-8.478484442440946e-06,-2.400151239034775e-05,-0.5855126585416667,18.577963057291665,0
97bb95f55a,1463070565032, 2.3.1, 2016-05-12 19:29:25.032,-0.012437500753434349,-0.008126676621515151,-0.00012753717540467618,5.883245416656338e-05,-5.5964210526315785,-14.875894736842106,20.618696340852114,-1.158906666666666,992.330027,0.004654764966902521,-0.009021751219675214,-0.2088400846915,-0.9553243387,0
97bb95f55a,1462986729773, 2.3.1, 2016-05-11 20:12:09.773,-0.026066534643147208,-0.0041231685046700575,0.0012489838823055907,0.001442639644399711,-11.612842105263155,30.670736842105264,16.791230676691733,0.5969830576441104,928.9374071428572,-0.010484077650849995,0.0026142427052264685,-0.14244818723015076,-0.9436755059798996,0
97bb95f55a,1462103205384, 2.2, 2016-05-01 14:46:45.384,-0.009822915942211055,-0.007426070890954773,6.928287555432112e-09,2.996128977208395e-08,-28.101904761904763,-22.265396825396824,0.004572644376899682,0.0431781155015198,970.3630585714287,-6.604830510925301e-05,-1.9685383427664435e-06,0.5835801537435897,18.6920864051282,0
97bb95f55a,1462045178235, 2.2, 2016-04-30 22:39:38.235,-0.021357454020824743,-0.01480937233082474,-0.0003743717930042185,-0.0009741153395779684,-16.543085106382982,-10.112872340425533,0.6402039253612465,0.6307690294686535,975.773781904762,-0.04293511461692779,0.07730055813254873,-0.29747214354405943,-1.2020201332178218,0
97bb95f55a,1462345435818, 2.2, 2016-05-04 10:03:55.818,-0.009186533170103092,-0.006570045945876289,-8.86847217054548e-08,-3.5426146314570715e-08,2.3527659574468087,-19.72372340425532,0.35130126294231395,0.46672111730572297,977.7151952380952,1.3501905689132825e-05,-1.0511829119152583e-05,-0.6574346701507537,18.6690326080402,0
97bb95f55a,1462750852815, 2.3, 2016-05-09 02:40:52.815,-0.010150369606217615,-0.00724159043419689,-2.4829998898790092e-08,1.0147515675288982e-07,5.4710526315789485,30.01642105263158,2.08484611528822,1.0610466165413537,978.8772342857144,6.715888960073526e-06,-1.5741261517486568e-05,-0.24322055088541664,-0.9979830121354166,0
97bb95f55a,1462560910792, 2.3, 2016-05-06 21:55:10.792,-0.009944698667336684,-0.009638234412060302,1.2895860436816613e-07,8.366475951107232e-08,11.55157894736842,35.13789473684211,-0.010155388471177995,-0.0018165413533834825,977.2064628571428,0.00012780386152919828,8.165816679070504e-05,-0.3389482742929293,-1.043458514141414,0
97bb95f55a,1462046175274, 2.2, 2016-04-30 22:56:15.274,-0.009823373056930693,-0.00772580405940594,-4.085107983475263e-08,6.958276781758305e-08,8.417967914438503,-38.601497326203216,0.02475608073141284,0.024238571675004275,974.601111904762,9.42804187553057e-06,1.7870064367128357e-06,-0.17043203118226602,-0.948294788866995,0
97bb95f55a,1462838336283, 2.3.1, 2016-05-10 02:58:56.283,-0.19906863154,0.08143547294500003,-0.04480344849700271,0.1048793718923178,2.2269364161849707,-25.890173410404625,10.687396558677241,15.538085145852945,973.990508,-0.07783824103117365,-0.07608944325857668,-0.4230510205055556,-0.8302470730555556,0
97bb95f55a,1462830358336, 2.3.1, 2016-05-10 00:45:58.336,-0.008969580754822334,-0.006602476649238578,-1.2213849528516e-05,-1.0179436839024423e-05,1.3238095238095242,-15.801269841269846,20.111749544072946,19.974377001013167,975.2699142857144,-2.2646902790228872e-07,8.628039728008644e-06,-0.2281860913197969,-0.9695115171065992,0
97bb95f55a,1463545690298, 2.3.3, 2016-05-18 07:28:10.298,-0.0241946181520603,-0.009743957937185929,-0.00026322446011878297,-0.0002506460853796644,-19.009633507853405,-26.91141361256545,31.95885367869937,16.483912130063384,976.5458761904762,0.0026983874762346732,-0.0008006361647135006,-0.20184293725888325,-0.9992154733502538,0
97bb95f55a,1462049626666, 2.2, 2016-04-30 23:53:46.666,-0.009789984220095692,-0.007929594077511962,6.054446920349614e-09,1.0962656521025312e-07,5.838947368421053,-16.761157894736847,0.004231578947368449,0.014708170426065094,973.8452957142856,8.750368731658675e-06,-2.0717973139558915e-07,-0.18165412715,-0.97047772505,0
97bb95f55a,1462052666804, 2.2, 2016-05-01 00:44:26.804,-0.00950802326010101,-0.007841529997979798,5.480296014431502e-09,-4.208258745536852e-08,5.6614973262032064,-15.52139037433155,0.1466558564774885,0.16208228393996904,973.501428095238,3.518217312223956e-06,1.2239556440076647e-05,2.6292052358208955,18.447770243781093,0
97bb95f55a,1462168036455, 2.2, 2016-05-02 08:47:16.455,-0.010516072194871795,-0.008464755202051281,5.720060039820413e-08,-1.6946459294185822e-07,12.46659574468085,-26.394574468085107,0.017399317328478745,0.014795266810786209,976.2887038095238,-1.5654626348915594e-05,5.0806235235735565e-06,0.4578854035960591,18.52053557635468,0
97bb95f55a,1462054894181, 2.2, 2016-05-01 01:21:34.181,-0.009721896867346938,-0.007918828050510205,-3.904324439362509e-09,-2.2854619602931005e-08,5.658730158730157,-16.985396825396823,0.3909888551165147,0.634283282674772,973.1794242857144,-1.1821379078181066e-05,2.1010201708541905e-05,2.628240442,18.450383495,0
97bb95f55a,1463039900074, 2.3.1, 2016-05-12 10:58:20.074,-0.009767614214646465,-0.007425915454040405,-1.9234674707630653e-05,-2.070982926643335e-05,4.107936507936508,-25.96476190476191,22.668101823708195,5.694082674772036,925.971879047619,-6.317959053053023e-06,-1.423457301858691e-05,-0.1746939334848485,-0.9874571968686868,0
97bb95f55a,1462728239785, 2.3, 2016-05-08 20:23:59.785,-0.009432481918367349,-0.007647076926020408,3.689101126907882e-08,-4.208702822398699e-09,-22.72031746031746,-19.436507936507933,19.54086494427557,12.266329280648412,979.0989733333333,-1.7211680971419056e-05,4.1039123435156706e-05,-0.23138167636363635,-0.9700840942424244,0
97bb95f55a,1462752476334, 2.3, 2016-05-09 03:07:56.334,-0.010171645030612244,-0.007341356919897959,-9.414816280579628e-07,-2.6829507528936845e-08,5.618502673796791,30.280427807486628,1.5617834397101946,0.8916018630326034,978.6933065,1.3531887089498085e-05,-4.845944281369965e-06,-0.24478990948979595,-0.9981863992857144,0
97bb95f55a,1462594117182, 2.3, 2016-05-07 07:08:37.182,-0.010427511338659792,-0.009565415876288659,1.5047495096346126e-07,8.713904670530312e-08,11.114270270270273,35.30075675675676,0.7297782726204465,0.3164489894242071,977.1239720000001,1.805016848402877e-05,-1.639369155269672e-05,-0.17668942411764707,-1.0442824657754008,0
97bb95f55a,1462686576647, 2.3, 2016-05-08 08:49:36.647,-0.01321896352151515,-0.01850762477515152,0.0004701672862479755,-0.000306181031112522,32.261465968586386,-17.262722513089006,0.4719976963350782,0.4030535794984845,978.1776623809523,-0.006012252772543218,0.007052531527026417,-0.10809051781240003,-0.9717313149500001,0
97bb95f55a,1463266212242, 2.3.2, 2016-05-15 01:50:12.242,-0.008594747286868688,-0.005310181910606061,-1.7518197989025928e-05,-6.8761848097487125e-06,11.138502673796792,-15.084705882352946,5.950091840607209,7.915173814041749,978.0872171428572,1.0053565003221724e-05,-2.011573710197653e-05,-0.18284848779487176,-0.9698761102564104,0
97bb95f55a,1463078827874, 2.3.1, 2016-05-12 21:47:07.874,0.041248062433838384,-0.06957575773818181,-0.002067488254818083,0.018599729836580352,34.694526315789474,-15.297473684210527,4.427696441102757,13.323675187969926,952.1311976190477,-0.034259902730997736,0.06065892125786863,-0.2340360570552764,-1.0318024105477386,0
97bb95f55a,1463308123516, 2.3.2, 2016-05-15 13:28:43.516,-0.00954389987755102,-0.006656544073469388,-4.795994813088384e-06,-2.619458416837517e-06,24.869361702127662,-11.990425531914893,12.868177267038345,12.429971782910464,977.2180028571428,-6.653633911728562e-06,2.6351471975907762e-06,-0.2507063156632653,-1.008993044387755,0
97bb95f55a,1462265869163, 2.2, 2016-05-03 11:57:49.163,-0.01024094154591837,-0.0076769695596938786,-1.8753582929405008e-08,3.857228737277847e-08,-11.36918918918919,-28.66702702702703,0.07891551116333717,0.07837984723854287,973.5715123809523,-3.614078384224388e-06,9.863933899305555e-06,-0.6204737739175258,18.67895219072165,0
97bb95f55a,1462192849857, 2.2, 2016-05-02 15:40:49.857,-0.0077737671775,-0.002878877313699999,0.0026088232964953787,0.001765963621852334,-1.6148663101604284,18.41326203208556,0.4713831637053648,0.5779017422804896,973.055098095238,-0.15215743248902286,0.15472009595093422,-0.2389828743118812,-1.2494219057425742,0
97bb95f55a,1463386094956, 2.3.2, 2016-05-16 11:08:14.956,-0.009284811492146595,-0.006947922454973822,-1.208272912693036e-07,-4.861508768426864e-08,32.77747252747253,-24.65538461538461,4.849616149596263,4.349667488312794,974.628857,-1.0857597311342983e-05,4.096513912022841e-06,-0.18029973536842106,-0.9516320874736842,0
97bb95f55a,1463276330319, 2.3.2, 2016-05-15 04:38:50.319,-0.009519766126943005,-0.0061542479839378226,-2.5295098867235925e-06,-2.6948410545608396e-06,11.209945945945947,-25.44227027027027,24.561114007050534,4.5895173207990565,977.9382695,7.85119468923464e-06,-2.4405026695166603e-05,-0.2271369266839378,-1.0026727966321245,0
97bb95f55a,1462425158213, 2.3, 2016-05-05 08:12:38.213,-0.00995832037244898,-0.007614466805102041,-1.5724664190178765e-05,-1.7369677728240914e-05,11.517127659574466,-21.697340425531927,12.319477198771196,4.763272988963476,977.1939933333333,-2.205693307962529e-05,-1.8143582169975312e-05,-0.0337373737617347,-0.9465490016326532,0
97bb95f55a,1462568656367, 2.3, 2016-05-07 00:04:16.367,-0.010209234956852793,-0.009692825030456851,3.7585534649858514e-08,1.4349251395204868e-07,10.925106382978726,35.147553191489365,-0.009504016384116536,0.0071988735919898735,977.4303376190477,-7.325481451593477e-06,-5.673179337388798e-05,-0.14941048175879396,-1.0479383017085426,0
97bb95f55a,1462323389499, 2.2, 2016-05-04 03:56:29.499,-0.010225715092783505,-0.0074568511355670095,1.1465477339980242e-07,-5.98997805926455e-08,-8.177608695652173,27.48684782608696,0.25845566642908074,0.4219955452601569,974.3075590476193,5.858164490440492e-07,1.895469837678149e-05,0.7649703242574257,-20.601831846534647,0
97bb95f55a,1462721594172, 2.3, 2016-05-08 18:33:14.172,-0.009360467923163264,-0.0077571361639795925,2.2005546979905122e-05,8.432316989262313e-06,-9.124171122994651,29.50973262032085,0.10050533034328102,0.11019392789373808,977.8175961904764,-0.0005854589623006207,-5.877318268273597e-05,-0.20002123035532995,-0.9417445318781726,0
97bb95f55a,1462517836337, 2.3, 2016-05-06 09:57:16.337,-0.009899893895918369,-0.009234103616836737,3.044659119910773e-07,3.017447372505233e-06,23.55191489361702,-24.054255319148933,10.003926908635792,10.565859711002387,976.8084523809523,-6.126958978444155e-05,-1.7983775256589973e-05,-0.1874488762436549,-0.9568261681725888,0
97bb95f55a,1462682335760, 2.3, 2016-05-08 07:38:55.76,-0.08901145338838387,-0.24392673215404045,0.9875250730004372,0.3681309662600854,19.524804469273747,16.572402234636876,-83.35489138158304,39.1589986441529,979.0644661904762,-5.252314476944063,0.4505240105762262,-1.2855061056063828,0.2889585759680853,0
97bb95f55a,1463012681981, 2.3.1, 2016-05-12 03:24:41.981,-0.009229137581218277,-0.007459554848730966,-7.622299937038388e-06,-1.5559585716561782e-06,17.51396825396825,-36.54412698412699,27.725815400202627,2.5034425531914892,924.148318095238,2.3994201324337497e-07,-3.6666670059944426e-06,-0.17838166253807106,-0.9875787763959392,0
97bb95f55a,1462125587137, 2.2, 2016-05-01 20:59:47.137,-0.009810436703045685,-0.007202701771065989,-1.3221617101059386e-08,-8.131529862578003e-08,-2.7488764044943816,-22.663146067415727,0.2949301085507521,0.5773535707484286,974.5030647619047,1.8420625664505275e-05,1.1276558453904405e-06,-2.6310149666666667,18.30575522043011,0
97bb95f55a,1462164520038, 2.2, 2016-05-02 07:48:40.038,-0.010452569477157359,-0.007915131144162436,1.1061297475907822e-07,2.496641510495669e-08,-12.17,-25.029032258064518,-0.0074789189189188735,0.024204847428073373,975.979748095238,-5.5442510877041424e-06,6.924041856773613e-06,-0.7475174641919192,18.64520632828283,0
97bb95f55a,1463276631557, 2.3.2, 2016-05-15 04:43:51.557,-0.009495917982323231,-0.006347200684343434,-2.4097451972887268e-06,-2.56113441307654e-06,11.484315789473689,-25.239157894736838,30.027052431077696,5.469994786967425,977.9009042857144,1.7487224646283675e-05,2.8046776827002117e-05,-0.2275067294871795,-1.0041387894871794,0
97bb95f55a,1462372568963, 2.2, 2016-05-04 17:36:08.963,-0.00980613974744898,-0.00798948336887755,5.528464197648698e-08,-7.310654419967785e-08,-26.21165775401069,-29.4,1.0041483870967751,1.6320193548387096,975.9191495238097,2.0362354829457507e-06,-1.5844383419583772e-06,-0.5362558733333334,18.68125077272727,0
97bb95f55a,1462899021014, 2.3.1, 2016-05-10 19:50:21.014,-0.008342759866326531,-0.005384748767857142,7.590567187166542e-07,6.485098792792234e-07,18.499787234042554,-24.913404255319147,12.327956491068385,4.670628490158153,974.2299039999999,2.2941867812543346e-05,1.1904380190062236e-06,-0.18973654071428567,-0.9685522104081632,0
97bb95f55a,1462407581474, 2.3, 2016-05-05 03:19:41.474,-0.009066976666326531,-0.006728558117857142,-1.675772367439235e-06,-2.1670537714038527e-06,-87.36320855614973,-63.86245989304813,45.295204968086956,18.78505761600827,975.8951585714286,9.300773249277528e-06,-5.88920687425282e-07,0.03387286939030612,-0.9427383297959184,0
97bb95f55a,1462850886769, 2.3.1, 2016-05-10 06:28:06.769,-0.010244933755154641,-0.007892017147938144,1.629068553333987e-07,-1.0918442346989858e-08,-0.2680851063829789,29.13638297872341,2.944344931163956,1.0929350551826145,974.7237535,-5.7698298853281136e-06,-2.065665884045842e-06,-0.2184656400515464,-1.0263224909793816,0
97bb95f55a,1462595937594, 2.3, 2016-05-07 07:38:57.594,-0.010289486217171715,-0.009729953353535352,1.1288313129485945e-07,-7.242621298246214e-08,11.08825396825397,35.106984126984116,0.6060314083080051,0.21395116514690998,977.4709815,-7.061659881920634e-06,8.84816851271596e-06,-0.17658229964467004,-1.0441649791878174,0
97bb95f55a,1463535600404, 2.3.3, 2016-05-18 04:40:00.404,-0.009020951369543149,-0.0069188114715736035,1.5091282905244875e-06,3.849779855737037e-06,8.51206349206349,-21.684761904761906,19.24207051671732,7.502102735562312,975.8204304761904,-1.6278716889677605e-05,-1.2725722743019478e-05,-0.1908168671573604,-1.0145738156852793,0
97bb95f55a,1462299336268, 2.2, 2016-05-03 21:15:36.268,-0.009917294055721393,-0.007415777514427861,-1.1546367592502327e-07,-2.3399536115956802e-07,-35.24825396825397,-12.222539682539685,0.16490871327254306,0.2780818642350556,971.9188304761904,-6.118428917492503e-05,-6.877394841327016e-05,-0.3066469883838384,18.65893081313132,0
97bb95f55a,1463280020924, 2.3.2, 2016-05-15 05:40:20.924,-0.008916858255837563,-0.006634921208121827,-8.064669947246089e-06,-9.125815523845621e-06,10.399682539682539,-25.76888888888889,22.75527163120569,5.0091645390070925,978.2905895238097,2.8422330374535204e-05,-1.9636901473769005e-05,-0.22481831193877552,-1.0050745359183673,0
97bb95f55a,1462840947762, 2.3.1, 2016-05-10 03:42:27.762,-0.009775684368686869,-0.006815271437878786,-5.966538983294522e-08,-1.443357787951638e-08,-1.060212765957447,28.966595744680852,0.36760141085447706,0.6412634656957561,974.2868995238097,6.333094195072121e-06,-2.621329107334567e-05,-0.22238025458536587,-1.0154645584878048,0
97bb95f55a,1462192789614, 2.2, 2016-05-02 15:39:49.614,-0.007143767479219513,-0.0012510362970731715,0.001942769865729793,0.0013328305741110507,-1.628663101604278,17.84919786096257,0.5000155942728994,0.7245160945316546,973.0730952380952,-0.09971092553419844,0.07359021524206223,-0.3554865459402174,-1.19847641,0
97bb95f55a,1462811855020, 2.3.1, 2016-05-09 19:37:35.02,-0.008837947799497488,-0.0068854090668341705,-2.612953143634301e-06,-2.951873081852562e-06,-22.204712041884818,-15.799162303664925,18.544134494351045,10.337975761917884,975.5920885714287,-6.828745980135955e-05,7.658218926487853e-05,-0.2281847700502513,-0.9849575576884422,0
97bb95f55a,1462215111043, 2.2, 2016-05-02 21:51:51.043,-0.009284930635678392,-0.006331364491959799,9.273687143250904e-08,-1.0034556254820386e-07,26.58793650793651,-28.111746031746033,0.41176393110435655,0.7352335359675779,976.3733819047619,-2.4268630417747195e-05,-1.857653949343062e-05,-0.10620660837560976,18.5560008,0
97bb95f55a,1463272958569, 2.3.2, 2016-05-15 03:42:38.569,-0.009606402625,-0.006361694093367347,-1.5795577846010918e-08,-3.8553695644181296e-08,12.738510638297873,-26.3368085106383,0.2846871316418249,0.5495429286608257,978.3446385,-5.031300627823275e-06,-9.194084378478964e-05,-0.2528844975369458,-0.98232234182266,0
97bb95f55a,1462179455509, 2.2, 2016-05-02 11:57:35.509,-0.018363456976804127,-0.007878289690721648,-9.548860363455364e-05,0.00010174340372753459,-0.19619047619047605,44.523809523809526,0.42218115501519743,0.5209717325227957,976.8499847619048,0.0012732088528551366,0.0004856001361382058,-0.09157193611911764,-0.934622769509804,0
97bb95f55a,1462057844683, 2.2, 2016-05-01 02:10:44.683,-0.009338727746938776,-0.007519353915816327,2.980596460552684e-08,2.286199329510733e-08,29.3168253968254,-22.78444444444445,0.38146453900709226,0.8350851063829788,972.6641171428572,3.3272579920433124e-07,6.536001601036855e-06,0.2387718907035176,18.67364105527638,0
97bb95f55a,1463401250576, 2.3.2, 2016-05-16 15:20:50.576,-0.010291116917098444,-0.007473409653886011,-3.616240425442103e-05,-3.80095800797046e-05,-22.830520231213875,-30.049248554913287,0.05713469552359182,0.10953395617690552,970.490892,-1.94493125789526e-05,1.1037097973488884e-06,-0.1868601256284153,-1.021299911147541,0
97bb95f55a,1462597081900, 2.3, 2016-05-07 07:58:01.9,-0.01060871611597938,-0.00965052718298969,-1.0131665116958597e-05,-8.062700308883447e-06,11.493225806451616,35.19806451612903,1.5425641150828238,0.5570912641673933,977.653341904762,2.211781050808313e-06,8.694145303258542e-06,-0.17765341041237112,-1.04145145,0
97bb95f55a,1463321610145, 2.3.2, 2016-05-15 17:13:30.145,0.12774386308883248,0.02318302052355331,-0.006881663495923143,0.007647615034066571,-25.96085106382979,0.5971276595744752,-23.7982163613608,-14.174386414836727,974.514031904762,0.09292364179527934,0.057401516929503335,-0.029212004410152207,-0.9290807297279188,0
97bb95f55a,1463250865884, 2.3.2, 2016-05-14 21:34:25.884,-0.000723626424242431,0.02526774988838384,-0.0353672913659673,-0.02110550352640266,2.797460317460317,0.9304761904761903,-3.4424221884498487,-6.402782674772034,1010.726061904762,0.0196931243854848,-0.019081990497518863,-0.2365078771959799,-1.0204628798060302,0
97bb95f55a,1462172098356, 2.2, 2016-05-02 09:54:58.356,-0.009338288412935323,-0.006820872385074627,2.803098153156145e-08,9.097890530292373e-08,2.126310160427807,-24.166203208556148,0.1894866655166467,0.2942546144557531,976.2983976190477,0.00015043785406667744,8.149109563620425e-05,-0.8637634467326732,18.63454589108911,0
97bb95f55a,1462070837747, 2.2, 2016-05-01 05:47:17.747,-0.01091896067929293,-0.008753460897474747,-5.148313282266746e-08,8.756162598631903e-08,-3.2977894736842104,-33.93378947368421,0.22422746867167928,0.507943759398496,972.361500952381,-5.93123852150316e-06,-1.1170340012116666e-05,-0.7654475085929648,18.673585597989952,0
97bb95f55a,1462384001991, 2.3, 2016-05-04 20:46:41.991,-0.009590083774111677,-0.007401424923350253,-2.319724528295811e-06,-1.815818927755766e-06,-4.680952380952379,-1.5758730158730156,13.6556273556231,9.961822391084086,977.7915004761903,-3.048532066180567e-05,-3.0317656247415093e-06,-0.19152429299492385,-0.9306128828934008,0
97bb95f55a,1462759778549, 2.3, 2016-05-09 05:09:38.549,-0.01037434417,-0.0090187951205,5.625808153002449e-09,-4.5564369153742216e-08,3.636947368421053,29.914421052631567,0.15944531328320816,0.33481343358395993,978.0447428571428,-0.0004854618281763161,0.0010492698571290752,-0.17476809229999998,-1.03961295245,0
97bb95f55a,1463523946772, 2.3.3, 2016-05-18 01:25:46.772,-0.009660752869897959,-0.007166077451530612,5.53558148467609e-07,5.811373789602833e-07,7.075851063829791,-21.449680851063828,20.190505074524967,6.97983730799864,975.7790761904762,-1.096436489034902e-05,2.127170970090921e-06,-0.1861823275,-1.0180852641836735,0
97bb95f55a,1462465415868, 2.3, 2016-05-05 19:23:35.868,-0.009058803400507614,-0.0075406663822335015,-3.282036594963893e-06,-3.6183153731195184e-06,26.15074468085107,-1.6270212765957446,5.347166753896923,7.89309932870634,973.7521795238097,-0.0006589850738999611,0.00038524870222020135,-0.15132638990909092,-0.9492253132828284,0
97bb95f55a,1462062412807, 2.2, 2016-05-01 03:26:52.807,-0.010540171242718449,-0.007224147725728155,9.963321970295623e-08,6.855957944090265e-08,-1.8239361702127657,-34.28170212765958,0.3468296279440203,0.6468400045511423,972.8286166666667,2.307461574265425e-05,-1.9645812086528563e-05,-0.7744516335025381,18.69607040609137,0
97bb95f55a,1462803875112, 2.3.1, 2016-05-09 17:24:35.112,-0.008906043416243655,-0.006507846525380711,-4.764945769116724e-06,-2.964945816276405e-06,8.413650793650794,-96.7053968253968,43.69870597771021,44.75373080040526,975.3320480952381,-1.3196500807792875e-05,7.82371499522559e-06,-0.22598348,-0.9605726636040608,0
97bb95f55a,1463385529221, 2.3.2, 2016-05-16 10:58:49.221,0.07156090054752068,-0.011090636185950391,0.5859925880696372,-0.4876013389505745,22.49234042553191,25.091489361702127,-33.28725008183306,6.404371849427168,974.5335940909092,-4.104581164117069,2.1114838626381074,-1.0222085376747967,0.1270647011772354,0
97bb95f55a,1462259596232, 2.2, 2016-05-03 10:13:16.232,-0.010249094177142856,-0.00813758779612245,-6.15552970044786e-05,-2.2374773809631327e-06,-3.516631578947369,27.96694736842105,0.08957012531328314,0.1521549874686718,974.7032742857144,0.00010307688674160759,0.00034789729386965724,-0.1622495932089552,-0.7869689193034826,0
97bb95f55a,1461854261709, 2.2, 2016-04-28 17:37:41.709,-0.011960136252261307,-0.01260785987557789,5.842351439984326e-06,5.574116400869799e-06,-42.259682539682544,8.409206349206347,0.5848566362715301,1.0304014184397163,990.7075571428572,0.1488747616327856,-0.050130772715062964,7.175485875879398,-17.695609422110554,0
97bb95f55a,1462800908051, 2.3.1, 2016-05-09 16:35:08.051,-0.001177679459497491,-0.01052417042080402,0.001091955996553774,-0.0005815821383251307,33.80984126984127,-12.133650793650794,2.671130800405272,2.3892742654508607,976.9344395238097,-0.1058605561661466,-0.8457657207843419,-0.19984167285577886,-0.9834208777487438,0
97bb95f55a,1463563852066, 2.3.3, 2016-05-18 12:30:52.066,-0.0039194199605050535,-0.0043901807856565655,-9.688489094465013e-06,-1.642360040641457e-05,24.793516483516484,19.216153846153848,0.016089842753931164,0.0006693582660433033,976.027458095238,-0.004568447987247842,0.001430345246907944,-0.3190150433507853,-0.9047613185340314,0
97bb95f55a,1462861140609, 2.3.1, 2016-05-10 09:19:00.609,-0.01271115949744898,-0.014855275803061225,-0.0003617682137427831,-0.00028566404352391834,-16.291894736842107,29.786210526315788,2.1764784962406027,1.4402136340852143,974.856479047619,0.00194602689561698,-0.002922463597911296,-0.21537271305050504,-0.9548267302525252,0
97bb95f55a,1462956235276, 2.3.1, 2016-05-11 11:43:55.276,-0.009403621907,-0.0067351344955,-2.9400774869261084e-05,-1.4721106423431875e-05,-32.60375,-58.3153125,10.626331806282726,20.57442349476439,924.5655572727272,-1.1523513925298607e-05,-5.932327697162398e-06,0.19572604100000002,-0.89357603635,0
97bb95f55a,1462651102045, 2.3, 2016-05-07 22:58:22.045,-0.01037409963265306,-0.009922992720408164,1.4015431788380655e-07,1.725600756247031e-08,10.903085106382976,31.89,1.1816951871657748,0.4446673796791444,978.8736220000001,-5.861548187103699e-06,3.934535171207077e-06,-0.17899747131979696,-1.0401955205076143,0
97bb95f55a,1462145754282, 2.2, 2016-05-02 02:35:54.282,-0.010335536185567007,-0.0082324625185567,3.953226850799126e-09,-1.3240199814650937e-07,4.432620320855615,22.79454545454545,0.003849853372434016,0.04367331378299116,974.9262133333333,-1.4508374704835528e-05,-3.567145971807943e-06,0.2431876930693069,-20.608837094059407,0
97bb95f55a,1462759918986, 2.3, 2016-05-09 05:11:58.986,-0.010413365588832487,-0.008866839517766498,-1.024236470727568e-05,-6.9874096913807675e-06,4.9879365079365074,30.66698412698413,3.13161874366768,2.0313304964539,978.1782614285713,-1.1520600366641267e-05,-1.8583161078240398e-05,-0.2465719449746193,-0.9986963351776652,0
97bb95f55a,1462274690285, 2.2, 2016-05-03 14:24:50.285,-0.009950051763819094,-0.008214313064824121,1.107622039205285e-07,-2.1013583360335028e-07,10.571746031746033,-37.2831746031746,0.03774812563323192,0.04422097264437687,971.2932615,-4.317567763239865e-06,-6.650059140562531e-07,-3.1340461482412056,18.44419463316583,0
97bb95f55a,1462831441187, 2.3.1, 2016-05-10 01:04:01.187,-0.008540851439698493,-0.006748905324120603,-1.3962187629265545e-07,-2.3015198011060682e-07,1.5779999999999998,-15.781263157894735,13.37832761904763,14.060727619047622,975.0333971428572,-2.3136223097683013e-06,-1.878196989360274e-05,-0.2298095986363637,-0.965466879040404,0
97bb95f55a,1462092943131, 2.2, 2016-05-01 11:55:43.131,-0.010235506527040816,-0.008935177340306124,1.7245993344848896e-07,8.071475199658449e-08,8.439789473684211,-93.82042105263157,0.00769303258145357,0.011372030075187695,970.1558185714284,3.4499462551106544e-05,-0.0001365765043474683,-0.6223626626699029,18.596988194174767,0
97bb95f55a,1462399949941, 2.3, 2016-05-05 01:12:29.941,-0.009579268937563452,-0.006630865685279188,-2.0584181450856925e-05,-1.6306066376800408e-05,-87.28984126984129,-63.268571428571434,31.979551367781138,12.04708814589665,976.1931947619048,-2.61169210251874e-05,2.2359836558196614e-05,0.03231070156700508,-0.9459779261928934,0
97bb95f55a,1462993590347, 2.3.1, 2016-05-11 22:06:30.347,-0.008614922711111113,-0.007021061126969697,4.859965721503131e-07,3.997222763875648e-07,-0.0037894736842103522,-29.521894736842107,12.674221353383455,1.938649022556392,924.5408185714284,-0.00025999872523924236,-4.599442940806978e-05,-0.1772911555125628,-0.9527455123115578,0
97bb95f55a,1463524849294, 2.3.3, 2016-05-18 01:40:49.294,-0.009750954940101524,-0.007086441889340101,-1.593469625949002e-05,-1.1459676489375309e-05,6.544444444444442,-21.2015873015873,20.06797092198584,6.552591995947317,975.916179047619,-1.5000785055529773e-05,1.1849481950271492e-06,-0.1906933943147208,-1.0237319086294416,0
97bb95f55a,1463213203633, 2.3.1, 2016-05-14 11:06:43.633,-0.009206156002030456,-0.004811264208121827,-1.7574887108260532e-05,-2.166999791560053e-05,7.6177777777777775,-35.87015873015873,27.61500921985814,22.548987639311036,990.1618309523807,-9.704609326927594e-06,1.3389124177724147e-05,-0.16171565228426396,-1.0107733298477155,0
97bb95f55a,1462157184404, 2.2, 2016-05-02 05:46:24.404,-0.010536854970108695,-0.008109615085326087,6.2347113518981734e-09,5.501731160481867e-08,2.348108108108108,22.307675675675675,0.00553960047003529,-0.0049732667450058925,975.1119555555556,1.4155702684502896e-05,-1.5700744937878065e-05,0.2855555516923077,-20.61727670769231,0
97bb95f55a,1462746736469, 2.3, 2016-05-09 01:32:16.469,-0.009875108515075377,-0.00684124607236181,-7.522817608341624e-08,-1.6079910818986633e-07,6.077905759162303,30.613507853403142,1.6419063323229541,0.7720886966106366,979.0517452380952,1.2153654782564881e-05,-8.944350075598561e-06,-0.23836958865,-0.9943711823,0
97bb95f55a,1463157815441, 2.3.1, 2016-05-13 19:43:35.441,-0.008766467477835051,-0.00487331032783505,7.121220400817957e-08,-1.5968092496292672e-07,12.258709677419356,-35.514193548387105,17.765754559720982,13.457872153443784,989.3886223809523,-2.7142452498333856e-05,3.5294438462822884e-05,-0.17941105147959185,-0.976706305510204,0
97bb95f55a,1462998428641, 2.3.1, 2016-05-11 23:27:08.641,-0.009350654612121213,-0.006136030843434343,-3.7408732235559646e-05,-3.914148373225544e-05,-6.946736842105262,-26.36084210526317,34.7521064661654,6.541970726817036,924.1686828571428,1.594200500882454e-05,2.1266809985732582e-05,-0.176013036010101,-1.003735055606061,0
97bb95f55a,1463017513244, 2.3.1, 2016-05-12 04:45:13.244,-0.009836298625628142,-0.0065548558723618104,-1.6180416092457057e-05,-2.010212506896729e-05,14.965079365079365,-37.10984126984128,15.194111955420453,2.486622492401217,924.2806300000001,-9.41187447665662e-06,1.7357249029547963e-05,-0.17543338515151516,-1.008060827020202,0
97bb95f55a,1463071409451, 2.3.1, 2016-05-12 19:43:29.451,-0.013019748695939087,-0.006774162755634521,0.0009397895240020256,0.0005995583353294744,-12.28920634920635,-18.396507936507934,11.409389766970605,1.6395544072948334,992.4596971428572,-0.006135587503464457,0.008810091877990036,-0.2433102956675127,-0.9690086682233504,0
97bb95f55a,1462389090857, 2.3, 2016-05-04 22:11:30.857,-0.00896642874132653,-0.0071361848091836735,-6.701988775596383e-08,-6.165325333935112e-08,-63.55,-68.15645161290323,9.021149189189194,10.000864237140368,977.7316628571427,2.3687867589176803e-05,1.4551884576206094e-05,0.05386457094594595,-0.9054065602162162,0
97bb95f55a,1463339326535, 2.3.2, 2016-05-15 22:08:46.535,-0.008263952046938777,-0.005565463250510203,-4.901554139071791e-06,-2.478363542982653e-06,-18.049468085106387,-11.518404255319144,27.780932836500202,11.996033644328131,974.1019019047619,6.497249051267982e-06,9.636998580156293e-06,-0.17166276357142854,-0.9990798887755102,0
97bb95f55a,1462299215426, 2.2, 2016-05-03 21:13:35.426,-0.0098736698825,-0.00710398228,-4.316935645965838e-08,-1.0640421125829108e-07,-35.7568085106383,-12.289787234042555,0.4009148253498697,0.6794452156104219,971.8468990476193,2.1060007691741973e-05,5.629908053873425e-08,-0.3127810121319797,18.65711167005076,0
97bb95f55a,1462511779362, 2.3, 2016-05-06 08:16:19.362,-0.010712126370558376,-0.010190308959390862,-2.0034710579467896e-06,-7.011880860742285e-07,-6.551111111111113,26.135873015873017,2.1361198581560266,0.7913504559270521,976.11099,-2.040882706243992e-05,5.918369042710232e-06,-0.18716305214285714,-1.048626656632653,0
97bb95f55a,1462408484600, 2.3, 2016-05-05 03:34:44.6,-0.009331824151515152,-0.006282639227777778,2.0259379760835438e-08,-4.883200824460945e-08,12.165549738219894,-21.51895287958116,11.747522579222933,3.7998744006613374,976.3350471428572,-1.2770134601154802e-05,2.4284944824423856e-06,-0.040017332484848483,-0.9362493702525252,0
97bb95f55a,1462231997355, 2.2, 2016-05-03 02:33:17.355,-0.010153469100502513,-0.005750554447236181,-1.1886055308757895e-07,-4.4348827565148175e-08,-5.1360638297872345,-22.936595744680854,0.3586667425190578,0.5673106838093067,975.3907095238096,-3.220174824909652e-06,-3.331919588359508e-06,-0.6440273808415842,18.68591349009901,0
97bb95f55a,1462527806940, 2.3, 2016-05-06 12:43:26.94,-0.010356435783163266,-0.008531626888775509,-1.0766746723728634e-05,-8.010792320144484e-06,13.68191489361702,-30.87734042553193,24.768052633974282,12.83166495619525,976.1533555,-6.605923049447591e-07,-9.1664309985891e-06,-0.17807515872448978,-0.9710552198979592,0
97bb95f55a,1462466017525, 2.3, 2016-05-05 19:33:37.525,-0.009188581842639595,-0.007632592737055838,2.119648219831121e-06,2.7961859218536856e-06,26.54095238095239,-1.5860317460317457,20.83886109422493,31.099003951367784,973.7343976190477,-2.233854681504505e-05,-2.567721634358612e-05,-0.15205350081218275,-0.9522260195431472,0
97bb95f55a,1463026788320, 2.3.1, 2016-05-12 07:19:48.32,-0.009715047079381443,-0.00699285709072165,-5.362277980385189e-05,-5.970855570189691e-05,12.383870967741935,-36.68,23.28547459459459,5.125725405405406,925.1299428571427,3.3688443686474624e-07,-5.544063335200637e-06,-0.17904544994845362,-1.0116158196907217,0
97bb95f55a,1462083259301, 2.2, 2016-05-01 09:14:19.301,-0.009735928243718594,-0.008014910523115577,1.1964681948542311e-08,-1.2361613843379348e-07,10.901170212765956,-93.87734042553193,0.20824713846854007,0.2994189100011375,970.7167357142856,1.842357676565812e-05,2.5500289442424896e-05,-0.6472644363959391,18.699449451776648,0
97bb95f55a,1463559889808, 2.3.3, 2016-05-18 11:24:49.808,-0.009014396935555556,-0.006227492976969697,-1.8987358087010327e-05,-1.358962900201783e-05,-19.16890052356021,23.111308900523557,0.05648855332047389,0.0445020115734362,975.8658440909088,0.0015941324793661282,-0.0012280177685419491,-0.17109975362,-1.0401219769499999,0
97bb95f55a,1462427339744, 2.3, 2016-05-05 08:48:59.744,-0.009959953618686868,-0.009322408974747471,-5.0186677322930965e-08,-9.74057360989731e-09,9.886105263157894,-22.644631578947372,12.824608320802,5.087564511278198,977.2703333333334,2.0195527440140187e-05,1.1285635137120516e-05,-0.03736539714673367,-0.9449998836683418,0
97bb95f55a,1463084911910, 2.3.1, 2016-05-12 23:28:31.91,-0.009417906224949492,0.0040189525797979814,-0.01770830557221692,0.011044835987314212,8.938412698412698,29.56984126984127,1.3410603850050644,0.9409084093211744,990.4743923809523,0.0814857697446199,-0.050404451014630494,-0.16801050797929293,-1.0098680717171715,0
97bb95f55a,1462715224604, 2.3, 2016-05-08 16:47:04.604,-0.0091439637625,-0.0075833512835,-5.090328403498903e-08,-6.049921510586866e-09,28.43494736842105,-17.875263157894736,0.21375739348370928,0.3594135338345865,977.4577604761903,4.6018196407754466e-05,-1.175963987535441e-05,-0.14772654152261308,-0.9731968165326632,0
97bb95f55a,1463493602747, 2.3.2, 2016-05-17 17:00:02.747,-0.034899765824845365,-0.013820982740412371,0.0002776552758463352,0.0002273879221860162,-23.19870967741935,6.38741935483871,15.434053077593722,3.54968809067132,973.5004961904764,0.014387111105755085,-0.008527850317652361,0.04732702604329897,0.010408717108762884,0
97bb95f55a,1462374207746, 2.2, 2016-05-04 18:03:27.746,-0.010208784361111112,-0.00613737587020202,5.688343537811212e-08,8.753434318613938e-08,3.820666666666667,-95.96033333333334,0.08240469273743035,0.21975217877094985,976.480807,-1.2551104964205146e-05,-1.6417781668742004e-05,-2.084230610928962,18.59688255737705,0
97bb95f55a,1462878622159, 2.3.1, 2016-05-10 14:10:22.159,-0.009467809522959184,-0.0076294130989795934,-1.3482811134271378e-06,-3.103961340519122e-06,-23.5381914893617,-29.325638297872338,36.45018565252021,17.53005756058712,971.7056114285713,1.5985789711989582e-05,-1.1856038723312264e-05,-0.21519326668367347,-0.9721817970408164,0
97bb95f55a,1463071048357, 2.3.1, 2016-05-12 19:37:28.357,-0.0039465638174874355,-0.0067823621204020105,0.00018978290010560568,-0.0012111410906066938,-14.134240837696336,-14.187958115183244,17.591612389087903,1.6719765996142195,992.353281904762,-0.011515468715184373,0.011204367842309966,-0.180473413651,-0.9339399797,0
97bb95f55a,1462695421744, 2.3, 2016-05-08 11:17:01.744,-0.0097493109919598,-0.007753947539698492,-6.235241321711511e-06,-4.36479304282057e-06,-15.987301587301587,-26.554603174603173,18.286303444782163,9.850259371833838,978.1891033333336,-0.0005522183932385548,-0.000290106413472808,-0.18682101967929293,-0.963881285,0
97bb95f55a,1462517415705, 2.3, 2016-05-06 09:50:15.705,-0.010236865295918373,-0.008535703148979591,-2.557397963150906e-05,-3.2261321795005215e-05,24.532340425531913,-23.12329787234043,10.63855214472636,10.310900841961553,976.8572,-1.6059903682703802e-05,-1.1644152552043786e-05,-0.1925140048469388,-0.9451562768877548,0
97bb95f55a,1463546291868, 2.3.3, 2016-05-18 07:38:11.868,-0.01400849670252525,-0.003977256255454544,-0.00027015601813222073,-0.00027692035571097033,-12.234603174603176,22.75873015873016,2.0806792299898684,1.785056433637285,976.9011242857144,0.004040652250157462,0.000288210804268117,-0.21484964989896907,-0.9915401085051546,0
97bb95f55a,1462773195348, 2.3, 2016-05-09 08:53:15.348,0.1247799703586734,-0.02135963969265308,0.018945708917682148,0.02822838981643668,2.873617021276597,-9.071489361702127,26.72975300944361,13.49408164751394,976.5448866666667,-0.1544790439030692,0.0678018487061995,-0.33507018445408165,-1.6843165125816326,0
97bb95f55a,1463536582674, 2.3.3, 2016-05-18 04:56:22.674,-0.009241304269035534,-0.006534883717766497,-9.497430752621444e-06,-7.605469346594387e-06,8.764761904761906,-21.81079365079365,19.229796352583577,7.7674227963525855,975.7823323809523,-1.1663299670954594e-05,1.9651786572935114e-05,-0.189386182020202,-1.0121955618686869,0
97bb95f55a,1463355243882, 2.3.2, 2016-05-16 02:34:03.882,-0.009681211621761658,-0.007394756695854922,-2.037043249971145e-08,-8.166169342900537e-08,-9.84673796791444,-13.885347593582887,2.600712161462824,0.8626352251164402,974.6355285,-1.3722957124154545e-05,-7.1268622482688565e-06,-0.17897203798969072,-0.9551333053092784,0
97bb95f55a,1463384229456, 2.3.2, 2016-05-16 10:37:09.456,-0.009662701825757576,-0.00754562314090909,-2.2921387676173268e-08,-2.026922412750435e-07,34.46698412698413,-21.670793650793648,6.5980970618034425,8.354031914893618,974.0491052380952,2.5254260096167635e-05,2.3474227556064513e-05,-0.1852393644723618,-0.9508554985427136,0
97bb95f55a,1462877897405, 2.3.1, 2016-05-10 13:58:17.405,-0.010024994969849248,-0.007262801717085427,-1.645218655468172e-05,-1.1924647123625254e-05,-22.85214659685864,-28.97874345549738,45.78405113254342,20.381107754202265,971.6166127272728,0.3052611847427215,0.3827626820117432,-0.19617069502512569,-0.8851765599497488,0
97bb95f55a,1462264352848, 2.2, 2016-05-03 11:32:32.848,-0.009978864773499999,-0.007817709479,-1.1311178446109722e-07,-1.944482911538779e-07,-11.441808510638294,-28.64808510638298,0.3710826260097848,0.5711511207190809,973.8256033333333,-3.3635705929787545e-05,2.3829687189196963e-05,-0.6234923125,18.679432665,0
97bb95f55a,1463437649112, 2.3.2, 2016-05-17 01:27:29.112,-0.009161823394329895,-0.007130133458762887,-4.810855857802212e-10,-1.1871604269967413e-07,-7.898064516129033,-44.2567741935484,24.46269426329554,1.5576600523103754,974.8619223809523,2.360140974244964e-05,-1.8506568065097331e-06,-0.1930677428205128,-1.0060006603589744,0
97bb95f55a,1462237553993, 2.2, 2016-05-03 04:05:53.993,-0.010259964117346941,-0.006701382993877551,3.534709537196173e-08,2.2557672474530522e-08,-5.676947368421053,-23.092736842105264,0.8789173934837097,1.2263288220551378,974.959948095238,1.2511817320452878e-05,1.4184866453968847e-05,-0.6635258531,18.687341500000002,0
97bb95f55a,1461855044297, 2.2, 2016-04-28 17:50:44.297,-0.011634936114070352,-0.012669420308542713,2.0328674180295828e-07,-1.5129430402033188e-06,-32.10351063829787,18.34117021276596,0.3002736488792809,0.4481677437706225,990.6864538095238,3.7027382762531654e-05,-4.7991616944876644e-05,9.070897622448982,-17.4265041122449,0
97bb95f55a,1462395242989, 2.3, 2016-05-04 23:54:02.989,-0.00862756055431472,-0.006365901405076142,-5.643101141766793e-07,8.131181885610646e-07,-65.63523809523811,-64.21269841269842,17.73402462006079,19.076717730496465,977.0385528571428,8.27960281133998e-06,3.9631742498504e-06,0.04929768600510205,-0.9463825759183674,0
97bb95f55a,1462967210340, 2.3.1, 2016-05-11 14:46:50.34,-0.00934527452929293,-0.006898663307070707,-1.2793109036396825e-05,-1.4157688113512973e-05,1.4514285714285706,26.870793650793647,31.934844072948326,4.703071023302937,924.0302133333333,-3.0245512740671918e-05,-2.5418847975380434e-05,-0.08921047723711341,-0.9411649795360824,0
97bb95f55a,1463551564298, 2.3.3, 2016-05-18 09:06:04.298,-0.08028489266666672,0.01618744615656565,-0.2983544647428,-0.0811093621099803,26.81460317460317,-17.568253968253966,78.79634670719345,-23.76118145896655,975.1936647619048,0.1109222754454084,0.5749201319113199,-0.363580332825,-0.901696962615,0
97bb95f55a,1462668173691, 2.3, 2016-05-08 03:42:53.691,-0.010740515355329949,-0.009955085553299492,6.812123594566718e-08,-3.067556671115933e-09,2.2610526315789468,26.80105263157895,4.8337914786967415,1.6572551378446103,978.6836400000001,-2.0875553885517082e-06,-1.6668848969801574e-05,-0.1764948013131313,-1.0516285449494949,0
97bb95f55a,1462050299115, 2.2, 2016-05-01 00:04:59.115,-0.009464159196517413,-0.008082230242288557,-2.1701495736333117e-10,1.0338890627962784e-07,5.741069518716578,-17.2848128342246,0.4115277557357258,0.7451387269277215,973.7551728571428,1.6622921747735238e-05,-1.8936285391977382e-06,2.6315262817258884,18.446197598984767,0
97bb95f55a,1462270732673, 2.2, 2016-05-03 13:18:52.673,-0.010048628567010307,-0.007367621492268041,-2.771659524163347e-08,-8.758990774956978e-09,35.70641711229946,-14.495614973262036,0.3553329998274967,0.6773694669656717,972.3796871428572,-9.951926722512463e-06,2.0171349921334286e-05,-0.5686544110552764,18.683616678391964,0
97bb95f55a,1462261703667, 2.2, 2016-05-03 10:48:23.667,-0.010510257698019802,-0.007487174291584158,7.491050443738152e-08,-4.950491909830623e-09,-1.3257446808510638,-22.37808510638298,0.003957583342814925,0.01593642052565714,974.5256642857142,-6.107515098354226e-06,1.8123395065512564e-05,-0.5203725729850747,18.64621501492537,0
97bb95f55a,1463559168823, 2.3.3, 2016-05-18 11:12:48.823,-0.00869371103628866,-0.006090951587525774,-0.00011623198085888789,0.00011226153057401634,-21.23454545454545,19.064278074866312,9.048047507331372,6.269946800069003,975.8360576190477,0.003308349526281876,-0.00033399131671746883,-0.154487545626943,-1.0006719568393785,0
97bb95f55a,1462603689503, 2.3, 2016-05-07 09:48:09.503,-0.010332527194444444,-0.010524866641414141,-7.571948338443323e-07,-1.0589184226198655e-06,11.751111111111117,34.79809523809524,0.5810765957446813,0.229534650455927,978.1446061904762,-6.8459101353327476e-06,5.1513751938195125e-06,-0.17839983020100506,-1.0253797691959798,0
97bb95f55a,1462651704331, 2.3, 2016-05-07 23:08:24.331,-0.010234339926262626,-0.00984428092979798,-8.604340752775294e-08,5.959704811387207e-07,11.40884210526316,31.771263157894737,2.0113982957393484,0.77032380952381,978.6963238095236,-1.1571995723479385e-05,1.1105356355873954e-05,-0.17717670237373734,-1.0466570626262626,0
97bb95f55a,1462240623252, 2.2, 2016-05-03 04:57:03.252,-0.01041928832920792,-0.006851707105445544,9.167472173016015e-08,-7.397249852853942e-08,-6.028888888888887,-23.255238095238088,0.3698531914893618,0.6392206686930091,974.6529690476193,-6.766584909186092e-06,-3.962956607007639e-07,-0.6594367790594059,18.68314255940594,0
97bb95f55a,1462487547343, 2.3, 2016-05-06 01:32:27.343,-0.008775882827225131,-0.007143127977486911,6.472694021337582e-08,-8.105575507413932e-08,40.87377049180328,-4.048196721311475,0.4908805260313466,0.7104496126823995,973.7883066666667,-1.5794079573872554e-05,4.722329851007254e-06,-0.15030563691099474,-0.9522771439267016,0
97bb95f55a,1462296866466, 2.2, 2016-05-03 20:34:26.466,-0.010082561613020834,-0.007397207401041665,7.127823819475496e-08,2.7685437095901603e-08,-34.97064516129032,-12.316774193548387,0.5188496599825635,0.6536806974716649,970.959810952381,-5.028040053634089e-05,-3.803627000658429e-05,-0.3298781983168317,18.661547925742575,0
97bb95f55a,1462342586529, 2.2, 2016-05-04 09:16:26.529,-0.008932965103015075,-0.006514707734170854,-1.3000261992887877e-07,2.3515421970521422e-08,1.9893048128342248,-19.58951871657754,0.4751277557357256,0.6537504571329995,977.3648304761904,3.0822027790816014e-06,7.907239361596628e-06,-0.644794150050505,18.665888924242424,0
97bb95f55a,1463282911972, 2.3.2, 2016-05-15 06:28:31.972,-0.0089628214071066,-0.005995492183756346,-1.3585666025245571e-05,-1.6364095706168686e-05,9.839682539682537,-25.981587301587304,23.925542046605877,5.830044072948327,978.482838095238,7.837305625606401e-06,-1.1575720645362005e-05,-0.22687996903553306,-1.0062353198477156,0
97bb95f55a,1462704393099, 2.3, 2016-05-08 13:46:33.099,-0.00926995276010101,-0.00784018493080808,-4.1871610209843275e-08,-3.654766222745495e-08,-11.1553125,-26095.0,31.59606439790576,14.315268062827224,977.0180966666667,2.738673470462037e-08,1.0224563398603928e-05,-0.1899149057360406,-0.96530532928934,0
97bb95f55a,1463008949241, 2.3.1, 2016-05-12 02:22:29.241,-0.009264572694444443,-0.005975972148989899,-5.275954018828873e-08,-9.353474571923416e-08,17.51936842105263,-37.36010526315789,27.439707869674184,4.674044812030074,924.0926771428572,1.5211343246356796e-05,1.6330946656896205e-05,-0.1761163980808081,-0.9663465831313132,0
97bb95f55a,1462194902321, 2.2, 2016-05-02 16:15:02.321,-0.00034376496683673864,-0.002909095368877541,-0.0035940881346875893,0.02011982789291212,30.13263157894737,-26.19757894736842,0.8799057644110269,-1.621446616541354,975.2141904761903,0.4590104690558908,-0.29632058097635805,-0.15971651361083744,-0.9103341433103448,0
97bb95f55a,1462973258196, 2.3.1, 2016-05-11 16:27:38.196,-0.008685690487309645,-0.006668717691878172,1.6576246065307953e-07,-1.9729555718817003e-08,-6.308571428571431,23.590476190476192,40.71936474164134,32.246552279635274,923.4596519047619,2.5993326035804918e-05,1.827320642777497e-05,-0.01478139202106599,-0.9818283226395941,0
97bb95f55a,1463268016953, 2.3.2, 2016-05-15 02:20:16.953,-0.007990849091282051,-0.005451968840512821,2.066609288814231e-08,-7.155421133550368e-08,-7.477540106951871,-7.38,9.488012903225826,9.99675483870968,977.9594695238096,6.673428376006345e-06,-2.929865638775798e-06,-0.18546704283505155,-0.9681675174226804,0
97bb95f55a,1462800634227, 2.3.1, 2016-05-09 16:30:34.227,-0.06767579353817205,0.012405175056989248,0.01058125148364481,0.012144091727316944,-20.64876404494382,-17.915730337078653,12.110939325842693,4.6424096743477445,976.937511,0.03882549011246834,0.16477061820869587,-0.2386652706790323,-0.8461522233870967,0
97bb95f55a,1462140794047, 2.2, 2016-05-02 01:13:14.047,-0.010229270178974358,-0.007344861811794872,3.130942042586375e-08,1.0910864662545242e-07,6.385531914893618,23.587659574468088,0.0624472408692684,0.2459411537148708,975.4402676190477,-3.9428642481919713e-07,-1.4222354051940698e-05,0.2054852484158416,-20.601254589108912,0
97bb95f55a,1462938363205, 2.3.1, 2016-05-11 06:46:03.205,-0.009483812686868686,-0.006453458145959596,-1.4080840552800193e-08,-1.0170794742565976e-07,-48.5273015873016,-74.63650793650794,3.2663809523809517,0.20501225937183395,923.7702328571428,-4.935505317439769e-06,4.579033267159029e-05,0.03740131803517588,-0.9763188987939698,0
97bb95f55a,1463422729693, 2.3.2, 2016-05-16 21:18:49.693,-0.008879468371632653,-0.007285647920408162,-1.529392396508498e-06,-5.75993523512433e-07,43.63967741935484,-15.323548387096775,1.0239166870095902,2.5817876547515253,973.4276295238096,3.173487124457182e-05,-4.387809431814529e-05,-0.18559833892307687,-1.0109945020512818,0
97bb95f55a,1462490196802, 2.3, 2016-05-06 02:16:36.802,-0.00875480598989899,-0.0073546287757575764,-7.407791805992783e-07,-5.691033811559744e-07,41.56900523560209,-3.2189528795811526,10.570135783962536,16.321037178286034,973.9406738095238,9.67332748411406e-06,-2.793241825050489e-07,-0.15014033535353535,-0.9453920839898988,0
97bb95f55a,1462329568953, 2.2, 2016-05-04 05:39:28.953,-0.009489549642857142,-0.0062231010045918364,-2.493297701205269e-08,-5.450514314959479e-08,-9.661269841269842,28.55333333333333,0.16442340425531904,0.2604212765957445,975.6558176190478,4.478616293313129e-08,-2.2013722516601928e-05,0.8418105410552764,-20.603810623115574,0
97bb95f55a,1462055977652, 2.2, 2016-05-01 01:39:37.652,-0.00974743873989899,-0.007949132444949495,-5.0392160400273284e-08,1.1946178451280048e-08,5.878716577540108,-17.226096256684492,0.285611488701052,0.4087137484905984,973.0306247619047,2.0051338322072283e-06,3.332427136722106e-06,2.6391929904040405,18.446458813131308,0
97bb95f55a,1462983086031, 2.3.1, 2016-05-11 19:11:26.031,0.0030322190055837523,-0.018200070432994927,0.00044908159952610535,-0.002112960710097598,26.11968253968254,-15.759047619047616,14.575966261398175,28.033048632218875,925.886778095238,-0.051270679229885895,0.006006642510237711,-0.1346147572568528,-0.9455509458467004,0
97bb95f55a,1462043791623, 2.2, 2016-04-30 22:16:31.623,0.008990888239795812,-0.09753963518265307,0.22222735027670887,-0.16326483562715038,13.62315789473684,-16.32757894736842,13.98288120300752,78.81593042606517,975.3112452380952,-0.16716805070093085,-0.02056652976187995,-0.17437602140840794,-0.7700348722089553,0
97bb95f55a,1462970369983, 2.3.1, 2016-05-11 15:39:29.983,-0.008284188548730965,-0.005980621721319797,-2.1012255665265148e-05,-3.453152915036117e-05,-9.233333333333333,22.469841269841265,23.283910638297872,17.14012532928064,923.7230742857142,4.992744889861108e-06,5.505322308159715e-06,0.029627449494416244,-0.9737191521319796,0
97bb95f55a,1462538194729, 2.3, 2016-05-06 15:36:34.729,-0.009661129194871795,-0.008210730603076923,-5.816837162605892e-06,-3.208274448922967e-06,2.44436170212766,-24.46372340425532,22.00303237000795,13.23663382637389,975.2707842857144,8.223559812212337e-07,3.322222869204276e-07,-0.17375766946153845,-0.9629744207692308,0
97bb95f55a,1462958583812, 2.3.1, 2016-05-11 12:23:03.812,-0.008037530104226805,-0.006718304422680412,1.6573723201092933e-06,2.2151280654975825e-07,-3.620108108108108,-4.60345945945946,6.896545276145715,7.458834500587537,924.6205809523807,9.421261831552298e-06,-8.356152233671272e-05,-0.0182808860421875,-0.930607334375,0
97bb95f55a,1462945341057, 2.3.1, 2016-05-11 08:42:21.057,-0.009523191022564102,-0.006589616623076923,-1.1269300165656579e-05,-7.877206203873732e-06,-51.84737967914438,-74.11860962566844,22.990855476970854,6.097515577022599,924.6772571428572,2.0750932439527743e-05,1.905571601183076e-06,0.02664651621876923,-1.0053751895897436,0
97bb95f55a,1462680795998, 2.3, 2016-05-08 07:13:15.998,0.15101482177755104,-0.05830148650816326,0.4864534276848538,0.3866348929656526,-2.963617021276601,18.558829787234046,200.46985456821025,-4.402209455000566,979.2031109523807,-2.239110163619292,1.5765927598006817,-0.4728783305076141,-0.4455622960761421,0
97bb95f55a,1462783910433, 2.3, 2016-05-09 11:51:50.433,-0.009560204943877552,-0.008100901321428572,-3.0054677050358034e-08,-1.1275127586982463e-08,-38.962222222222216,-117.53650793650793,0.1786801418439713,0.29342867274569323,974.7552133333336,-0.8168655159707243,1.947921177366304,1.1853884828078818,17.091227869458127,0
97bb95f55a,1462989345532, 2.3.1, 2016-05-11 20:55:45.532,0.05912897059918362,0.03032470938214286,-0.0036730990889239134,-0.015397704455214071,0.7949999999999996,26.863723404255317,-0.9742187165775396,-0.4785612015018771,929.3542699999999,0.035702648233495365,0.054628458930237885,-0.14014644031818185,-0.7693888113850267,0
97bb95f55a,1462576982993, 2.3, 2016-05-07 02:23:02.993,-0.01004862862371134,-0.009609344262886598,1.125560225667886e-07,1.0036839462951416e-07,11.133225806451614,35.15774193548387,0.860086242371403,0.33223993025283355,975.689331904762,-3.0968441987532543e-06,-4.002674306550679e-06,-0.17491473274111674,-1.0435352230456854,0
97bb95f55a,1462488751430, 2.3, 2016-05-06 01:52:31.43,-0.00948547341377551,-0.006993515434183673,-2.221074844422772e-05,-2.497291906860908e-05,41.739465240641714,-3.510802139037433,5.174770536484387,8.95933517336553,973.9057723809523,3.747541040780576e-05,1.87103262815008e-05,-0.14827856594387756,-0.954624991989796,0
97bb95f55a,1462790553188, 2.3, 2016-05-09 13:42:33.188,0.2160578662438145,-0.2641828403170102,-0.5807873106445463,0.5338636307792191,2.646451612903225,10.168709677419354,-47.3015591979076,-14.119212240627732,976.656668095238,0.4771733764842024,-0.4628225481944889,-0.03918912600515469,-0.2822250401608248,0
97bb95f55a,1462838464215, 2.3.1, 2016-05-10 03:01:04.215,-0.00967525085279188,-0.0070188490203045685,-1.8442169889392673e-09,-2.145416962601968e-07,-2.0216129032258063,29.21129032258064,0.1980442545771576,0.36752861377506535,974.306078,6.934541939294482e-05,-0.0001685660541189806,-0.17864928283505155,-1.027402251340206,0
97bb95f55a,1463237213442, 2.3.1, 2016-05-14 17:46:53.442,-0.009057437902525252,-0.006063399162121211,-7.525006131667996e-06,-9.861921464399304e-06,7.398191489361702,-36.85946808510639,13.918437330754342,10.931973034474911,989.7601266666667,-7.732136828967839e-05,3.062769020499469e-05,-0.16496673573604062,-0.9962821957360406,0
97bb95f55a,1463492350168, 2.3.2, 2016-05-17 16:39:10.168,-0.015509214911388888,-0.007647341154027778,0.00012695379334146442,-1.4769033434183658e-06,-24.63220588235294,9.164558823529411,0.1250456862745098,0.045900392156862715,973.6291678571428,-0.0006010646850691594,-0.00019670953052168468,0.04911665191208334,-0.007230349668402776,0
97bb95f55a,1462491039430, 2.3, 2016-05-06 02:30:39.43,-0.008636251098469388,-0.007306029254081633,1.2937855553336136e-08,-2.6360018391282137e-08,41.288526315789476,-3.4986315789473683,7.67457874686717,11.756232180451114,974.0641952380953,1.1130731843959784e-05,-1.6982940253571767e-05,-0.15175174025510205,-0.9434709347959184,0
97bb95f55a,1462387976079, 2.3, 2016-05-04 21:52:56.079,-0.009141266789340102,-0.00709590493248731,4.8395381753709686e-08,2.116412714705528e-08,-31.064761904761905,-9.184761904761904,12.094292097264429,12.738584194528876,977.7166104761903,1.6176193204941008e-05,4.572001425032033e-05,-0.19138247307692308,-0.9362131513846154,0
97bb95f55a,1462666305182, 2.3, 2016-05-08 03:11:45.182,-0.011333981294416243,-0.009533305776649749,-4.2685073863180955e-05,-4.801048202451468e-05,2.288253968253968,26.998095238095242,4.637830699088144,1.7072164133738603,978.8678404761904,6.356905823371132e-06,-3.943644456791698e-06,-0.17717486055837564,-1.046166347715736,0
97bb95f55a,1462889536400, 2.3.1, 2016-05-10 17:12:16.4,-0.009291621954773873,-0.007506367198492463,-2.03852018584622e-08,-3.4018521129688624e-08,-17925.0,-42.883125,17.701360209424074,7.744948821989527,971.8305190476193,-3.1791161615151906e-05,5.749136062327547e-06,-0.19097078425,-0.93812222485,0
97bb95f55a,1462750551971, 2.3, 2016-05-09 02:35:51.971,-0.009987530159086294,-0.007045886166497463,9.54138311107732e-07,1.1741060552522216e-06,5.48741935483871,30.12290322580645,1.1012280732345232,0.7906798953792511,978.892661,-4.287126042889137e-06,5.3176077079083774e-06,-0.24442726964102565,-0.9989233657435898,0
97bb95f55a,1462905768760, 2.3.1, 2016-05-10 21:42:48.76,0.0907286279985787,-0.0807451530499492,-0.008675792893595772,0.0029524579216307395,-34.584761904761905,-6.484761904761906,2.9222963525835848,5.296651063829789,923.321708095238,0.18437578727101145,-0.04686305562412658,-0.18119695626130647,-1.3087155706582914,0
97bb95f55a,1462631509990, 2.3, 2016-05-07 17:31:49.99,-0.010792885497340426,-0.009508051856382978,-3.793314975662298e-06,-2.9274155841614397e-06,12.368901098901098,35.22989010989011,0.4444617570275028,0.16116944933519511,976.5276525,-1.5908249605877495e-05,1.4459706321085367e-05,-0.17693426308510635,-1.0499149122340423,0
97bb95f55a,1463005971006, 2.3.1, 2016-05-12 01:32:51.006,-0.01458963035879519,-0.006113505607630519,0.012552786667406477,0.05557924959635601,7.889873417721517,-11.070886075949366,-1.7789225702638929,-1.4548790602874933,923.9703261904764,-0.07464695387525358,0.0018776012759432687,-0.18031128946320002,-1.004386192912,0
97bb95f55a,1462187423657, 2.2, 2016-05-02 14:10:23.657,-0.009657676682741121,-0.007278405811675126,1.1863265279672124e-07,-2.722866254533568e-07,24.2682722513089,-41.29130890052356,0.2908982529622486,0.6264835271424626,973.2662633333333,-4.769353464436114e-06,-1.213658629892786e-05,-0.4255067609268293,18.692950395121947,0
97bb95f55a,1462796954638, 2.3.1, 2016-05-09 15:29:14.638,-0.019182871260913708,0.0030660148530964487,-0.0050317369555753924,0.006554335064800215,-8.246031746031747,-16.13904761904762,33.862697264437685,33.13267386018235,974.3720314285713,0.002633909497131705,0.0008006365760659707,-0.2300069633045685,-0.9898897917766496,0
97bb95f55a,1463200987930, 2.3.1, 2016-05-14 07:43:07.93,-0.008743820376649745,-0.005733231660913707,-4.779636886258528e-06,-1.2252843179352043e-06,7.420952380952383,-35.62888888888889,20.08084042553191,15.512190780141838,989.591061904762,1.3083531975097293e-05,1.2123967101205393e-05,-0.16322144913705586,-1.0029660516751269,0
97bb95f55a,1463540012495, 2.3.3, 2016-05-18 05:53:32.495,-0.00948484839,-0.0067377976335,-9.188756359957626e-06,-1.2480747840447506e-05,8.254105263157895,-22.17757894736842,6.247040802005007,2.292257343358397,976.3497928571428,-1.6494983353167515e-05,4.073385108717453e-06,-0.19351233413265306,-1.017935423520408,0
97bb95f55a,1462295842782, 2.2, 2016-05-03 20:17:22.782,-0.009873570542288558,-0.007444926513432835,5.3076758724954656e-08,-2.1361997388096208e-08,-35.1503743315508,-12.365775401069515,0.4582042780748665,0.6358824219423841,970.715251904762,-6.213095483103186e-05,-4.560131801271192e-05,-0.328862666119403,18.661642482587066,0
97bb95f55a,1462066445621, 2.2, 2016-05-01 04:34:05.621,-0.010647318255,-0.0079055937725,1.25004950606491e-07,4.193618521809638e-08,-1.4987301587301587,-33.65555555555556,0.05728794326241144,0.08787517730496468,972.6976461904762,-8.393509686362667e-06,-1.2130300410245185e-05,-0.756177643,18.68238714,0
97bb95f55a,1462297830585, 2.2, 2016-05-03 20:50:30.585,-0.010121385041237113,-0.007440377994329897,1.0108062367654748e-07,-6.067263729505148e-08,-34.73808510638298,-12.415212765957445,0.22147741495050635,0.5282853566958701,971.3628257142856,-3.6404172488007214e-05,8.972189430585108e-06,-0.32209705559999996,18.65871239,0
97bb95f55a,1462656423991, 2.3, 2016-05-08 00:27:03.991,-0.010405351015306123,-0.009708309285714286,4.969892429822634e-08,-2.0917289122972423e-08,1.7406382978723405,26.52382978723404,-0.0016965752645352276,0.013594720673569238,979.0932614285713,2.5142376968965626e-07,-2.977772952670085e-06,-0.09967491788274112,-1.047788347715736,0
97bb95f55a,1462383039186, 2.3, 2016-05-04 20:30:39.186,-0.009215081035714286,-0.007523430177040815,-5.122914777631632e-07,2.2004708535062283e-07,-5.142673796791443,-2.117326203208556,7.09923084353975,5.238598136967399,977.507711904762,-9.128213104075076e-06,-2.3128654964492946e-05,-0.1922290169035533,-0.9303842581725889,0
97bb95f55a,1462655580497, 2.3, 2016-05-08 00:13:00.497,-0.010426679320707071,-0.009966678767676769,-1.5022702526628096e-08,1.26334943770139e-08,1.6333333333333335,26.81301587301587,-0.012889361702127592,0.011116514690982822,979.176868,3.572637156501684e-05,1.865548969947021e-05,-0.23352891844221105,-1.0456511127135681,0
97bb95f55a,1462393376368, 2.3, 2016-05-04 23:22:56.368,-0.00922187480867347,-0.00606956162397959,-1.47301601658424e-05,-1.0688282144644652e-05,-65.58606382978725,-64.6790425531915,16.672491398338824,17.742600102400733,977.4356714285716,1.3477731986938588e-05,2.0581256542115566e-05,0.051643539086734684,-0.942748680867347,0
97bb95f55a,1463212722301, 2.3.1, 2016-05-14 10:58:42.301,-0.008694437789304814,-0.005860378648128342,-1.844210638862637e-07,-1.279336666004017e-07,7.431049723756907,-36.11801104972376,20.16259790055247,16.25734121546962,990.180284,-1.1809690060789359e-07,-2.8144909879247443e-05,-0.16496018686170213,-1.0026591566489362,0
97bb95f55a,1462484577112, 2.3, 2016-05-06 00:42:57.112,-0.009475175850253807,-0.006633569360406091,-3.916054306384953e-05,-4.191116901356865e-05,41.16698412698413,-3.3812698412698428,15.233702532928055,24.70634549138804,973.5648415,2.380051302045051e-05,-1.958195305336894e-05,-0.1514014283248731,-0.953835715431472,0
97bb95f55a,1463264086261, 2.3.2, 2016-05-15 01:14:46.261,-0.008409132957575758,-0.0057634573040404044,-7.953315092171211e-07,-2.1146554373519126e-09,6.785744680851064,-8.973829787234044,5.475487359199,6.947508476504715,978.5671547619047,-1.9050062668051597e-05,-3.8015831938355155e-05,-0.17928615989795918,-0.9692905621938775,0
97bb95f55a,1463178257051, 2.3.1, 2016-05-14 01:24:17.051,-0.008627839078894474,-0.0061426681296482405,-7.579868620155497e-09,7.812070481672925e-09,7.4962303664921475,-35.6855497382199,27.41882949572885,21.754287329842924,988.80859,-2.1134694974441786e-05,-1.1410695952830326e-05,-0.15707637786069653,-1.0149057603482587,0
